13.7910 	WARNING 	We strongly recommend you activate the PTB sound engine in PsychoPy prefs as the preferred audio engine. Its timing is vastly superior. Your prefs are currently set to use ['sounddevice', 'PTB', 'pyo', 'pygame'] (in that order).
42.3477 	EXP 	Created window1 = Window(allowGUI=False, allowStencil=False, autoLog=True, backendConf=UNKNOWN, bitsMode=UNKNOWN, blendMode='avg', bpc=(8, 8, 8), color=array([0, 0, 0]), colorSpace='rgb', depthBits=8, fullscr=<method-wrapper '__getattribute__' of attributeSetter object at 0x00000234D751FD00>, gamma=None, gammaErrorPolicy='raise', lms=UNKNOWN, monitor=<psychopy.monitors.calibTools.Monitor object at 0x00000234D916C700>, multiSample=False, name='window1', numSamples=2, pos=(0, 0), screen=0, size=array([1920, 1080]), stencilBits=0, stereo=False, units='height', useFBO=True, useRetina=False, viewOri=0.0, viewPos=None, viewScale=None, waitBlanking=True, winType='pyglet')
42.3485 	EXP 	window1: mouseVisible = True
42.3485 	EXP 	window1: Attempting to measure frame rate of screen (0) ...
42.3485 	EXP 	window1: recordFrameIntervals = False
42.5139 	EXP 	window1: recordFrameIntervals = True
42.6974 	EXP 	Screen (0) actual frame rate measured at 60.00Hz
42.6974 	EXP 	window1: recordFrameIntervals = False
47.7892 	EXP 	Created instructions_text_1 = TextStim(__class__=<class 'psychopy.visual.text.TextStim'>, alignHoriz=method-wrapper(...), alignText='center', alignVert=method-wrapper(...), anchorHoriz='center', anchorVert='center', antialias=True, autoLog=True, bold=False, color=array([1., 1., 1.]), colorSpace='rgb', contrast=1.0, depth=-1.0, flipHoriz=False, flipVert=False, font='Open Sans', fontFiles=[], height=0.02, italic=False, languageStyle='LTR', name='instructions_text_1', opacity=1, ori=0.0, pos=array([0., 0.]), rgb=UNKNOWN, text=str(...), units='height', win=Window(...), wrapWidth=1)
47.7893 	EXP 	window1: mouseVisible = True
47.8068 	EXP 	Created instructions_text_2 = TextStim(__class__=<class 'psychopy.visual.text.TextStim'>, alignHoriz=method-wrapper(...), alignText='center', alignVert=method-wrapper(...), anchorHoriz='center', anchorVert='center', antialias=True, autoLog=True, bold=False, color=array([1., 1., 1.]), colorSpace='rgb', contrast=1.0, depth=0.0, flipHoriz=False, flipVert=False, font='Open Sans', fontFiles=[], height=0.02, italic=False, languageStyle='LTR', name='instructions_text_2', opacity=1, ori=0.0, pos=array([0., 0.]), rgb=UNKNOWN, text=str(...), units='height', win=Window(...), wrapWidth=1)
47.8069 	EXP 	window1: mouseVisible = True
47.8420 	EXP 	Created instructions_text_3 = TextStim(__class__=<class 'psychopy.visual.text.TextStim'>, alignHoriz=method-wrapper(...), alignText='center', alignVert=method-wrapper(...), anchorHoriz='center', anchorVert='center', antialias=True, autoLog=True, bold=False, color=array([1., 1., 1.]), colorSpace='rgb', contrast=1.0, depth=0.0, flipHoriz=False, flipVert=False, font='Open Sans', fontFiles=[], height=0.02, italic=False, languageStyle='LTR', name='instructions_text_3', opacity=1, ori=0.0, pos=array([0., 0.]), rgb=UNKNOWN, text=str(...), units='height', win=Window(...), wrapWidth=1)
47.8421 	EXP 	window1: mouseVisible = True
47.8451 	EXP 	Created placeholder = TextStim(__class__=<class 'psychopy.visual.text.TextStim'>, alignHoriz=method-wrapper(...), alignText='center', alignVert=method-wrapper(...), anchorHoriz='center', anchorVert='center', antialias=True, autoLog=True, bold=False, color=array([1., 1., 1.]), colorSpace='rgb', contrast=1.0, depth=0.0, flipHoriz=False, flipVert=False, font='Open Sans', fontFiles=[], height=0.05, italic=False, languageStyle='LTR', name='placeholder', opacity=1, ori=0.0, pos=array([0., 0.]), rgb=UNKNOWN, text='', units='height', win=Window(...), wrapWidth=1)
47.8546 	EXP 	Created trial_target = ImageStim(__class__=<class 'psychopy.visual.image.ImageStim'>, anchor=('center', 'center'), autoLog=True, color=array([1., 1., 1.]), colorSpace='rgb', contrast=1.0, depth=-1.0, flipHoriz=False, flipVert=False, image='sin', interpolate=True, mask=None, maskParams=None, name='trial_target', opacity=1, ori=0.0, pos=array([0., 0.]), size=array([0.17, 0.17]), texRes=128.0, units='height', win=Window(...))
47.8622 	EXP 	Created fixationCross = TextStim(__class__=<class 'psychopy.visual.text.TextStim'>, alignHoriz=method-wrapper(...), alignText='center', alignVert=method-wrapper(...), anchorHoriz='center', anchorVert='center', antialias=True, autoLog=True, bold=False, color=array([1., 1., 1.]), colorSpace='rgb', contrast=1.0, depth=0.0, flipHoriz=False, flipVert=False, font='Open Sans', fontFiles=[], height=0.1, italic=False, languageStyle='LTR', name='fixationCross', opacity=1, ori=0.0, pos=array([0., 0.]), rgb=UNKNOWN, text='+', units='height', win=Window(...), wrapWidth=1)
47.8688 	EXP 	Created trial_image = ImageStim(__class__=<class 'psychopy.visual.image.ImageStim'>, anchor=('center', 'center'), autoLog=True, color=array([1., 1., 1.]), colorSpace='rgb', contrast=1.0, depth=-1.0, flipHoriz=False, flipVert=False, image='sin', interpolate=True, mask=None, maskParams=None, name='trial_image', opacity=1, ori=0.0, pos=array([0., 0.]), size=array([1024.,  768.]), texRes=128.0, units='pix', win=Window(...))
47.9056 	EXP 	window1: mouseVisible = True
47.9597 	EXP 	Created slider = Slider(__class__=<class 'psychopy.visual.slider.Slider'>, autoDraw=False, autoLog=True, borderColor=None, color=None, colorSpace='rgb', depth=-1, fillColor=None, flip=False, font='Open Sans', granularity=0.0, labelColor=None, labelHeight=0.05, labelWrapWidth=None, labels=None, lineColor=None, markerColor=None, name='slider', opacity=None, ori=0.0, pos=array([ 0. , -0.1]), readOnly=False, self=UNKNOWN, size=array([1. , 0.1]), startValue=None, style='rating', styleTweaks=[], ticks=array([1, 2, 3, 4, 5]), units='height', win=Window(...))
47.9875 	EXP 	Created hourglass = ImageStim(__class__=<class 'psychopy.visual.image.ImageStim'>, anchor=('center', 'center'), autoLog=True, color=array([1., 1., 1.]), colorSpace='rgb', contrast=1.0, depth=-2.0, flipHoriz=False, flipVert=False, image='exp_visuals/hourglass-1.jpg', interpolate=True, mask=None, maskParams=None, name='hourglass', opacity=1, ori=0.0, pos=array([0. , 0.2]), size=array([0.05, 0.12]), texRes=128.0, units='height', win=Window(...))
48.0071 	EXP 	Created hourglass_2 = ImageStim(__class__=<class 'psychopy.visual.image.ImageStim'>, anchor=('center', 'center'), autoLog=True, color=array([1., 1., 1.]), colorSpace='rgb', contrast=1.0, depth=-3.0, flipHoriz=False, flipVert=False, image='exp_visuals/hourglass-2.jpg', interpolate=True, mask=None, maskParams=None, name='hourglass_2', opacity=1, ori=0.0, pos=array([0. , 0.2]), size=array([0.05, 0.12]), texRes=128.0, units='height', win=Window(...))
48.0327 	EXP 	Created hourglass_3 = ImageStim(__class__=<class 'psychopy.visual.image.ImageStim'>, anchor=('center', 'center'), autoLog=True, color=array([1., 1., 1.]), colorSpace='rgb', contrast=1.0, depth=-4.0, flipHoriz=False, flipVert=False, image='exp_visuals/hourglass-3.jpg', interpolate=True, mask=None, maskParams=None, name='hourglass_3', opacity=1, ori=0.0, pos=array([0. , 0.2]), size=array([0.05, 0.12]), texRes=128.0, units='height', win=Window(...))
48.0531 	EXP 	Created hourglass_4 = ImageStim(__class__=<class 'psychopy.visual.image.ImageStim'>, anchor=('center', 'center'), autoLog=True, color=array([1., 1., 1.]), colorSpace='rgb', contrast=1.0, depth=-5.0, flipHoriz=False, flipVert=False, image='exp_visuals/hourglass-4.jpg', interpolate=True, mask=None, maskParams=None, name='hourglass_4', opacity=1, ori=0.0, pos=array([0. , 0.2]), size=array([0.05, 0.12]), texRes=128.0, units='height', win=Window(...))
48.0942 	EXP 	Created text = TextStim(__class__=<class 'psychopy.visual.text.TextStim'>, alignHoriz=method-wrapper(...), alignText='center', alignVert=method-wrapper(...), anchorHoriz='center', anchorVert='center', antialias=True, autoLog=True, bold=False, color=array([1., 1., 1.]), colorSpace='rgb', contrast=1.0, depth=0.0, flipHoriz=False, flipVert=False, font='Open Sans', fontFiles=[], height=0.05, italic=False, languageStyle='LTR', name='text', opacity=1, ori=0.0, pos=array([0., 0.]), rgb=UNKNOWN, text=str(...), units='height', win=Window(...), wrapWidth=1)
48.0943 	EXP 	window1: mouseVisible = True
48.1039 	EXP 	Created text_2 = TextStim(__class__=<class 'psychopy.visual.text.TextStim'>, alignHoriz=method-wrapper(...), alignText='center', alignVert=method-wrapper(...), anchorHoriz='center', anchorVert='center', antialias=True, autoLog=True, bold=False, color=array([1., 1., 1.]), colorSpace='rgb', contrast=1.0, depth=0.0, flipHoriz=False, flipVert=False, font='Open Sans', fontFiles=[], height=0.05, italic=False, languageStyle='LTR', name='text_2', opacity=1, ori=0.0, pos=array([0., 0.]), rgb=UNKNOWN, text='Gracias por realizar el experimento!', units='height', win=Window(...), wrapWidth=1)
48.1041 	EXP 	window1: mouseVisible = False
48.1139 	EXP 	slider: autoLog = True
48.1139 	EXP 	slider: markerPos = None
48.1139 	EXP 	slider: styleTweaks = []
48.1139 	EXP 	slider: styleTweaks = []
48.1139 	EXP 	slider: contrast = 1.0
48.1139 	EXP 	slider: autoLog = True
48.1139 	EXP 	instructions_text_1: autoDraw = True
48.6977 	DATA 	Mouse: Left button down, pos=(1287,643)
48.7138 	EXP 	instructions_text_1: autoDraw = False
48.7138 	EXP 	instructions_text_2: autoDraw = True
48.7493 	DATA 	Mouse:  Left button up, pos=(1288,644)
49.1476 	DATA 	Mouse: Left button down, pos=(1288,644)
49.1639 	EXP 	instructions_text_2: autoDraw = False
49.1639 	EXP 	instructions_text_3: autoDraw = True
49.2309 	DATA 	Mouse:  Left button up, pos=(1288,644)
49.5977 	DATA 	Mouse: Left button down, pos=(1288,644)
49.6049 	EXP 	Created mp01Target = ShapeStim(__class__=<class 'psychopy.visual.shape.ShapeStim'>, anchor=('center', 'center'), autoDraw=False, autoLog=True, closeShape=True, color=method-wrapper(...), colorSpace='rgb', contrast=None, depth=0, fillColor=array([0, 0, 0]), fillColorSpace='rgb', fillRGB=array([0, 0, 0]), interpolate=True, lineColor=array([-1., -1., -1.]), lineColorSpace='rgb', lineRGB=array([-1, -1, -1]), lineWidth=2.0, name='mp01Target', opacity=1.0, ori=0.0, pos=array([0., 0.]), size=array([0., 0.]), units='height', vertices=ndarray(...), win=Window(...), windingRule=None)
49.6113 	EXP 	Created mp01TargetInner = ShapeStim(__class__=<class 'psychopy.visual.shape.ShapeStim'>, anchor=('center', 'center'), autoDraw=False, autoLog=True, closeShape=True, color=method-wrapper(...), colorSpace='rgb', contrast=None, depth=0, fillColor=array([-1.        ,  0.00392157, -1.        ]), fillColorSpace='rgb', fillRGB=array([-1.        ,  0.00392157, -1.        ]), interpolate=True, lineColor=array([-1., -1., -1.]), lineColorSpace='rgb', lineRGB=array([-1, -1, -1]), lineWidth=2.0, name='mp01TargetInner', opacity=1.0, ori=0.0, pos=array([0., 0.]), size=array([0., 0.]), units='height', vertices=ndarray(...), win=Window(...), windingRule=None)
149.5895 	DATA 	Mouse:  Left button up, pos=(1288,644)
149.6048 	EXP 	instructions_text_3: autoDraw = False
149.6347 	EXP 	Created validationTarget = ShapeStim(__class__=<class 'psychopy.visual.shape.ShapeStim'>, anchor=('center', 'center'), autoDraw=False, autoLog=True, closeShape=True, color=method-wrapper(...), colorSpace='rgb', contrast=None, depth=0, fillColor=array([0, 0, 0]), fillColorSpace='rgb', fillRGB=array([0, 0, 0]), interpolate=True, lineColor=array([-1., -1., -1.]), lineColorSpace='rgb', lineRGB=array([-1, -1, -1]), lineWidth=2.0, name='validationTarget', opacity=1.0, ori=0.0, pos=array([0., 0.]), size=array([0., 0.]), units='height', vertices=ndarray(...), win=Window(...), windingRule=None)
149.6418 	EXP 	Created validationTargetInner = ShapeStim(__class__=<class 'psychopy.visual.shape.ShapeStim'>, anchor=('center', 'center'), autoDraw=False, autoLog=True, closeShape=True, color=method-wrapper(...), colorSpace='rgb', contrast=None, depth=0, fillColor=array([-1.        ,  0.00392157, -1.        ]), fillColorSpace='rgb', fillRGB=array([-1.        ,  0.00392157, -1.        ]), interpolate=True, lineColor=array([-1., -1., -1.]), lineColorSpace='rgb', lineRGB=array([-1, -1, -1]), lineWidth=2.0, name='validationTargetInner', opacity=1.0, ori=0.0, pos=array([0., 0.]), size=array([0., 0.]), units='height', vertices=ndarray(...), win=Window(...), windingRule=None)
151.4759 	EXP 	Created unnamed GratingStim = GratingStim(__class__=<class 'psychopy.visual.grating.GratingStim'>, anchor='center', autoDraw=False, autoLog=True, blendmode='avg', color=array([-1.        ,  0.00392157, -1.        ]), colorSpace='rgb', contrast=1.0, depth=0, interpolate=False, mask='gauss', maskParams=None, name='unnamed GratingStim', opacity=0.8, ori=0.0, phase=array([0., 0.]), pos=array([0., 0.]), rgbPedestal=array([0., 0., 0.]), sf=array([0.00981534, 0.00981534]), size=array([101.881344, 101.881344]), tex=None, texRes=128, units='pix', win=Window(...))
188.6376 	EXP 	Created unnamed TextStim = TextStim(__class__=<class 'psychopy.visual.text.TextStim'>, alignHoriz=method-wrapper(...), alignText='center', alignVert=method-wrapper(...), anchorHoriz='center', anchorVert='center', antialias=True, autoLog=True, bold=False, color=array([0., 0., 0.]), colorSpace='rgb255', contrast=1.0, depth=0, flipHoriz=False, flipVert=False, font='', fontFiles=[], height=24.0, italic=False, languageStyle='LTR', name='unnamed TextStim', opacity=1.0, ori=0.0, pos=array([  0., 513.]), rgb=UNKNOWN, text=str(...), units='pix', win=Window(...), wrapWidth=1536.0)
188.6529 	EXP 	Created unnamed TextStim = TextStim(__class__=<class 'psychopy.visual.text.TextStim'>, alignHoriz=method-wrapper(...), alignText='center', alignVert=method-wrapper(...), anchorHoriz='center', anchorVert='center', antialias=True, autoLog=True, bold=True, color=array([0., 0., 0.]), colorSpace='rgb255', contrast=1.0, depth=0, flipHoriz=False, flipVert=False, font='', fontFiles=[], height=20.0, italic=False, languageStyle='LTR', name='unnamed TextStim', opacity=1.0, ori=0.0, pos=array([   0., -513.]), rgb=UNKNOWN, text='Press SPACE to continue.', units='pix', win=Window(...), wrapWidth=1536.0)
193.1400 	DATA 	Keypress: space
193.1480 	EXP 	placeholder: autoDraw = True
195.1855 	EXP 	Imported trials_set_2_first_half.csv as conditions, 100 conditions, 3 params
195.2001 	EXP 	Created sequence: sequential, trialTypes=100, nReps=1, seed=None
195.2005 	EXP 	New trial (rep=0, index=0): OrderedDict([('t_image', 'stimuli/0000.jpg'), ('t_target', 'targets/carton.jpg'), ('is_target_present', 0)])
195.3019 	EXP 	eyetracker.clearEvents()
195.8028 	EXP 	eyetracker.setRecordingState(True)
195.8151 	EXP 	placeholder: autoDraw = False
195.8151 	EXP 	placeholder: autoDraw = False
195.8151 	EXP 	trial_target: image = 'targets/carton.jpg'
195.8151 	EXP 	trial_target: image = 'targets/clock.jpg'
195.8314 	EXP 	trial_target: autoDraw = True
196.8480 	EXP 	trial_target: autoDraw = False
196.8480 	EXP 	trial_target: autoDraw = False
196.8480 	EXP 	fixationCross: autoDraw = True
198.1814 	EXP 	fixationCross: autoDraw = False
198.1814 	EXP 	fixationCross: autoDraw = False
198.1814 	EXP 	trial_image: image = 'stimuli/0089.jpg'
198.1814 	EXP 	trial_image: autoDraw = True
210.0814 	EXP 	trial_image: autoDraw = False
210.4340 	DATA 	Keypress: down
211.0668 	EXP 	eyetracker.setRecordingState(False)
211.0682 	EXP 	window1: mouseVisible = True
211.0981 	EXP 	slider: markerPos = None
211.0981 	EXP 	slider: markerPos = None
211.0981 	EXP 	slider: autoDraw = True
211.0981 	EXP 	hourglass: autoDraw = True
212.0814 	EXP 	hourglass_2: autoDraw = True
212.0981 	EXP 	hourglass: autoDraw = False
213.0815 	EXP 	hourglass_2: autoDraw = False
213.0815 	EXP 	hourglass_3: autoDraw = True
214.0690 	EXP 	window1: mouseVisible = False
214.0728 	EXP 	New trial (rep=0, index=1): OrderedDict([('t_image', 'stimuli/0001.jpg'), ('t_target', 'targets/newspaper.jpg'), ('is_target_present', 1)])
214.2094 	EXP 	eyetracker.clearEvents()
214.7104 	EXP 	eyetracker.setRecordingState(True)
214.7321 	EXP 	slider: autoDraw = False
214.7321 	EXP 	hourglass: autoDraw = False
214.7321 	EXP 	hourglass_2: autoDraw = False
214.7321 	EXP 	hourglass_3: autoDraw = False
214.7321 	EXP 	hourglass_4: autoDraw = False
214.7321 	EXP 	text: autoDraw = False
214.7321 	EXP 	trial_target: image = 'targets/newspaper.jpg'
214.7321 	EXP 	trial_target: image = 'targets/street_lamp.jpg'
214.7481 	EXP 	trial_target: autoDraw = True
215.7481 	EXP 	trial_target: autoDraw = False
215.7481 	EXP 	trial_target: autoDraw = False
215.7481 	EXP 	fixationCross: autoDraw = True
216.9315 	EXP 	fixationCross: autoDraw = False
216.9315 	EXP 	fixationCross: autoDraw = False
216.9315 	EXP 	trial_image: image = 'stimuli/0083.jpg'
216.9315 	EXP 	trial_image: autoDraw = True
219.7688 	EXP 	eyetracker.setRecordingState(False)
219.7698 	DATA 	Keypress: right
219.7815 	EXP 	trial_image: autoDraw = False
220.2663 	EXP 	window1: mouseVisible = True
220.2815 	EXP 	slider: markerPos = None
220.2815 	EXP 	slider: markerPos = None
220.2815 	EXP 	slider: autoDraw = True
220.2815 	EXP 	hourglass: autoDraw = True
221.2648 	EXP 	hourglass_2: autoDraw = True
221.2815 	EXP 	hourglass: autoDraw = False
222.2649 	EXP 	hourglass_2: autoDraw = False
222.2649 	EXP 	hourglass_3: autoDraw = True
223.2649 	EXP 	hourglass_3: autoDraw = False
223.2649 	EXP 	hourglass_4: autoDraw = True
223.6657 	DATA 	Mouse: Left button down, pos=(1496,409)
223.6815 	EXP 	slider: markerPos = 4.985185146331787
223.6982 	EXP 	slider: markerPos = 4.985185146331787
223.7148 	EXP 	slider: markerPos = 4.985185146331787
223.7315 	EXP 	slider: markerPos = 4.985185146331787
223.7481 	EXP 	slider: markerPos = 4.985185146331787
223.7648 	EXP 	slider: markerPos = 4.985185146331787
223.7659 	DATA 	Mouse:  Left button up, pos=(1496,410)
223.7815 	EXP 	slider: markerPos = 4.985185146331787
223.7862 	EXP 	window1: mouseVisible = False
223.7883 	EXP 	New trial (rep=0, index=2): OrderedDict([('t_image', 'stimuli/0002.jpg'), ('t_target', 'targets/can.jpg'), ('is_target_present', 0)])
224.1433 	EXP 	eyetracker.clearEvents()
224.6443 	EXP 	eyetracker.setRecordingState(True)
224.6491 	EXP 	slider: autoDraw = False
224.6491 	EXP 	hourglass: autoDraw = False
224.6491 	EXP 	hourglass_2: autoDraw = False
224.6491 	EXP 	hourglass_3: autoDraw = False
224.6491 	EXP 	hourglass_4: autoDraw = False
224.6491 	EXP 	text: autoDraw = False
224.6491 	EXP 	trial_target: image = 'targets/can.jpg'
224.6491 	EXP 	trial_target: image = 'targets/liquid_soap.jpg'
224.6649 	EXP 	trial_target: autoDraw = True
225.6648 	EXP 	trial_target: autoDraw = False
225.6648 	EXP 	trial_target: autoDraw = False
225.6648 	EXP 	fixationCross: autoDraw = True
227.8163 	EXP 	fixationCross: autoDraw = False
227.8163 	EXP 	fixationCross: autoDraw = False
227.8163 	EXP 	trial_image: image = 'stimuli/0081.jpg'
227.8163 	EXP 	trial_image: autoDraw = True
230.0501 	DATA 	Keypress: down
230.4672 	DATA 	Keypress: down
232.3373 	EXP 	eyetracker.setRecordingState(False)
232.3383 	DATA 	Keypress: right
232.3482 	EXP 	trial_image: autoDraw = False
232.8329 	EXP 	window1: mouseVisible = True
232.8482 	EXP 	slider: markerPos = None
232.8482 	EXP 	slider: markerPos = None
232.8482 	EXP 	slider: autoDraw = True
232.8482 	EXP 	hourglass: autoDraw = True
233.8316 	EXP 	hourglass_2: autoDraw = True
233.8482 	EXP 	hourglass: autoDraw = False
234.8316 	EXP 	hourglass_2: autoDraw = False
234.8316 	EXP 	hourglass_3: autoDraw = True
235.1160 	DATA 	Mouse: Left button down, pos=(1215,441)
235.1316 	EXP 	slider: markerPos = 3.944444417953491
235.1482 	EXP 	slider: markerPos = 3.944444417953491
235.1649 	EXP 	slider: markerPos = 3.944444417953491
235.1816 	EXP 	slider: markerPos = 3.944444417953491
235.1982 	EXP 	slider: markerPos = 3.944444417953491
235.2060 	DATA 	Mouse:  Left button up, pos=(1215,441)
235.2149 	EXP 	slider: markerPos = 3.944444417953491
235.2316 	EXP 	slider: markerPos = 3.944444417953491
235.2362 	EXP 	window1: mouseVisible = False
235.2382 	EXP 	New trial (rep=0, index=3): OrderedDict([('t_image', 'stimuli/0003.jpg'), ('t_target', 'targets/cellphone.jpg'), ('is_target_present', 1)])
235.6793 	EXP 	eyetracker.clearEvents()
236.1806 	EXP 	eyetracker.setRecordingState(True)
236.1988 	EXP 	slider: autoDraw = False
236.1988 	EXP 	hourglass: autoDraw = False
236.1988 	EXP 	hourglass_2: autoDraw = False
236.1988 	EXP 	hourglass_3: autoDraw = False
236.1988 	EXP 	hourglass_4: autoDraw = False
236.1988 	EXP 	text: autoDraw = False
236.1988 	EXP 	trial_target: image = 'targets/cellphone.jpg'
236.1988 	EXP 	trial_target: image = 'targets/bell.jpg'
236.2149 	EXP 	trial_target: autoDraw = True
237.2149 	EXP 	trial_target: autoDraw = False
237.2149 	EXP 	trial_target: autoDraw = False
237.2149 	EXP 	fixationCross: autoDraw = True
238.4486 	EXP 	fixationCross: autoDraw = False
238.4486 	EXP 	fixationCross: autoDraw = False
238.4486 	EXP 	trial_image: image = 'stimuli/0088.jpg'
238.4486 	EXP 	trial_image: autoDraw = True
243.1523 	EXP 	eyetracker.setRecordingState(False)
243.1533 	DATA 	Keypress: left
243.1649 	EXP 	trial_image: autoDraw = False
243.6497 	EXP 	window1: mouseVisible = True
243.6817 	EXP 	slider: markerPos = None
243.6817 	EXP 	slider: markerPos = None
243.6817 	EXP 	slider: autoDraw = True
243.6817 	EXP 	hourglass: autoDraw = True
244.6483 	EXP 	hourglass_2: autoDraw = True
244.6816 	EXP 	hourglass: autoDraw = False
245.6483 	EXP 	hourglass_2: autoDraw = False
245.6483 	EXP 	hourglass_3: autoDraw = True
246.6158 	DATA 	Mouse: Left button down, pos=(953,451)
246.6316 	EXP 	slider: markerPos = 2.974074074998498
246.6483 	EXP 	hourglass_3: autoDraw = False
246.6483 	EXP 	hourglass_4: autoDraw = True
246.6483 	EXP 	slider: markerPos = 2.974074074998498
246.6650 	EXP 	slider: markerPos = 2.974074074998498
246.6816 	EXP 	slider: markerPos = 2.974074074998498
246.6983 	EXP 	slider: markerPos = 2.974074074998498
246.7151 	EXP 	slider: markerPos = 2.9777777772396803
246.7164 	DATA 	Mouse:  Left button up, pos=(955,447)
246.7316 	EXP 	slider: markerPos = 2.9777777772396803
246.7363 	EXP 	window1: mouseVisible = False
246.7384 	EXP 	New trial (rep=0, index=4): OrderedDict([('t_image', 'stimuli/0004.jpg'), ('t_target', 'targets/cup.jpg'), ('is_target_present', 0)])
246.8152 	EXP 	eyetracker.clearEvents()
247.3170 	EXP 	eyetracker.setRecordingState(True)
247.3322 	EXP 	slider: autoDraw = False
247.3322 	EXP 	hourglass: autoDraw = False
247.3322 	EXP 	hourglass_2: autoDraw = False
247.3322 	EXP 	hourglass_3: autoDraw = False
247.3322 	EXP 	hourglass_4: autoDraw = False
247.3322 	EXP 	text: autoDraw = False
247.3322 	EXP 	trial_target: image = 'targets/cup.jpg'
247.3322 	EXP 	trial_target: image = 'targets/bicycle.jpg'
247.3483 	EXP 	trial_target: autoDraw = True
248.3483 	EXP 	trial_target: autoDraw = False
248.3483 	EXP 	trial_target: autoDraw = False
248.3483 	EXP 	fixationCross: autoDraw = True
249.4650 	EXP 	fixationCross: autoDraw = False
249.4650 	EXP 	fixationCross: autoDraw = False
249.4650 	EXP 	trial_image: image = 'stimuli/0087.jpg'
249.4650 	EXP 	trial_image: autoDraw = True
252.7703 	EXP 	eyetracker.setRecordingState(False)
252.7712 	DATA 	Keypress: left
252.7817 	EXP 	trial_image: autoDraw = False
253.2664 	EXP 	window1: mouseVisible = True
253.2983 	EXP 	slider: markerPos = None
253.2983 	EXP 	slider: markerPos = None
253.2983 	EXP 	slider: autoDraw = True
253.2983 	EXP 	hourglass: autoDraw = True
254.2817 	EXP 	hourglass_2: autoDraw = True
254.2983 	EXP 	hourglass: autoDraw = False
254.8495 	DATA 	Mouse: Left button down, pos=(1226,444)
254.8650 	EXP 	slider: markerPos = 3.985185205936432
254.8817 	EXP 	slider: markerPos = 3.985185205936432
254.8983 	EXP 	slider: markerPos = 3.985185205936432
254.9150 	EXP 	slider: markerPos = 3.985185205936432
254.9317 	EXP 	slider: markerPos = 3.985185205936432
254.9327 	DATA 	Mouse:  Left button up, pos=(1226,444)
254.9483 	EXP 	slider: markerPos = 3.985185205936432
254.9530 	EXP 	window1: mouseVisible = False
254.9552 	EXP 	New trial (rep=0, index=5): OrderedDict([('t_image', 'stimuli/0005.jpg'), ('t_target', 'targets/clock.jpg'), ('is_target_present', 1)])
255.0127 	EXP 	eyetracker.clearEvents()
255.5142 	EXP 	eyetracker.setRecordingState(True)
255.5322 	EXP 	slider: autoDraw = False
255.5322 	EXP 	hourglass: autoDraw = False
255.5322 	EXP 	hourglass_2: autoDraw = False
255.5322 	EXP 	hourglass_3: autoDraw = False
255.5322 	EXP 	hourglass_4: autoDraw = False
255.5322 	EXP 	text: autoDraw = False
255.5322 	EXP 	trial_target: image = 'targets/clock.jpg'
255.5322 	EXP 	trial_target: image = 'targets/sponge.jpg'
255.5484 	EXP 	trial_target: autoDraw = True
256.5484 	EXP 	trial_target: autoDraw = False
256.5484 	EXP 	trial_target: autoDraw = False
256.5484 	EXP 	fixationCross: autoDraw = True
260.4331 	EXP 	fixationCross: autoDraw = False
260.4331 	EXP 	fixationCross: autoDraw = False
260.4331 	EXP 	trial_image: image = 'stimuli/0080.jpg'
260.4331 	EXP 	trial_image: autoDraw = True
264.0181 	DATA 	Keypress: left
264.5369 	EXP 	eyetracker.setRecordingState(False)
264.5483 	EXP 	trial_image: autoDraw = False
265.0329 	EXP 	window1: mouseVisible = True
265.0482 	EXP 	slider: markerPos = None
265.0482 	EXP 	slider: markerPos = None
265.0482 	EXP 	slider: autoDraw = True
265.0482 	EXP 	hourglass: autoDraw = True
266.0316 	EXP 	hourglass_2: autoDraw = True
266.0483 	EXP 	hourglass: autoDraw = False
267.0317 	EXP 	hourglass_2: autoDraw = False
267.0317 	EXP 	hourglass_3: autoDraw = True
267.7328 	DATA 	Mouse: Left button down, pos=(958,439)
267.7483 	EXP 	slider: markerPos = 2.9925925927236676
267.7650 	EXP 	slider: markerPos = 2.9925925927236676
267.7817 	EXP 	slider: markerPos = 2.9925925927236676
267.7983 	EXP 	slider: markerPos = 2.9925925927236676
267.8150 	EXP 	slider: markerPos = 2.9925925927236676
267.8317 	EXP 	slider: markerPos = 2.9925925927236676
267.8328 	DATA 	Mouse:  Left button up, pos=(958,439)
267.8483 	EXP 	slider: markerPos = 2.9925925927236676
267.8530 	EXP 	window1: mouseVisible = False
267.8550 	EXP 	New trial (rep=0, index=6): OrderedDict([('t_image', 'stimuli/0006.jpg'), ('t_target', 'targets/liquid_soap.jpg'), ('is_target_present', 0)])
268.2270 	EXP 	eyetracker.clearEvents()
268.7281 	EXP 	eyetracker.setRecordingState(True)
268.7494 	EXP 	slider: autoDraw = False
268.7494 	EXP 	hourglass: autoDraw = False
268.7494 	EXP 	hourglass_2: autoDraw = False
268.7494 	EXP 	hourglass_3: autoDraw = False
268.7494 	EXP 	hourglass_4: autoDraw = False
268.7494 	EXP 	text: autoDraw = False
268.7494 	EXP 	trial_target: image = 'targets/liquid_soap.jpg'
268.7494 	EXP 	trial_target: image = 'targets/pigeon.jpg'
268.7650 	EXP 	trial_target: autoDraw = True
269.7651 	EXP 	trial_target: autoDraw = False
269.7651 	EXP 	trial_target: autoDraw = False
269.7651 	EXP 	fixationCross: autoDraw = True
271.1818 	EXP 	fixationCross: autoDraw = False
271.1818 	EXP 	fixationCross: autoDraw = False
271.1818 	EXP 	trial_image: image = 'stimuli/0086.jpg'
271.1818 	EXP 	trial_image: autoDraw = True
275.2209 	EXP 	eyetracker.setRecordingState(False)
275.2218 	DATA 	Keypress: left
275.2318 	EXP 	trial_image: autoDraw = False
275.7166 	EXP 	window1: mouseVisible = True
275.7318 	EXP 	slider: markerPos = None
275.7318 	EXP 	slider: markerPos = None
275.7318 	EXP 	slider: autoDraw = True
275.7318 	EXP 	hourglass: autoDraw = True
276.7151 	EXP 	hourglass_2: autoDraw = True
276.7318 	EXP 	hourglass: autoDraw = False
277.7152 	EXP 	hourglass_2: autoDraw = False
277.7152 	EXP 	hourglass_3: autoDraw = True
278.0999 	DATA 	Mouse: Left button down, pos=(1219,437)
278.1152 	EXP 	slider: markerPos = 3.959259271621704
278.1318 	EXP 	slider: markerPos = 3.959259271621704
278.1485 	EXP 	slider: markerPos = 3.959259271621704
278.1651 	EXP 	slider: markerPos = 3.959259271621704
278.1818 	EXP 	slider: markerPos = 3.959259271621704
278.1984 	EXP 	slider: markerPos = 3.959259271621704
278.2061 	DATA 	Mouse:  Left button up, pos=(1219,437)
278.2151 	EXP 	slider: markerPos = 3.959259271621704
278.2318 	EXP 	slider: markerPos = 3.959259271621704
278.2365 	EXP 	window1: mouseVisible = False
278.2392 	EXP 	New trial (rep=0, index=7): OrderedDict([('t_image', 'stimuli/0007.jpg'), ('t_target', 'targets/liquid_soap.jpg'), ('is_target_present', 1)])
278.5924 	EXP 	eyetracker.clearEvents()
279.0936 	EXP 	eyetracker.setRecordingState(True)
279.0988 	EXP 	slider: autoDraw = False
279.0988 	EXP 	hourglass: autoDraw = False
279.0988 	EXP 	hourglass_2: autoDraw = False
279.0988 	EXP 	hourglass_3: autoDraw = False
279.0988 	EXP 	hourglass_4: autoDraw = False
279.0988 	EXP 	text: autoDraw = False
279.0988 	EXP 	trial_target: image = 'targets/liquid_soap.jpg'
279.0988 	EXP 	trial_target: image = 'targets/stroller.jpg'
279.1151 	EXP 	trial_target: autoDraw = True
280.1152 	EXP 	trial_target: autoDraw = False
280.1152 	EXP 	trial_target: autoDraw = False
280.1152 	EXP 	fixationCross: autoDraw = True
281.8818 	EXP 	fixationCross: autoDraw = False
281.8818 	EXP 	fixationCross: autoDraw = False
281.8818 	EXP 	trial_image: image = 'stimuli/0082.jpg'
281.8818 	EXP 	trial_image: autoDraw = True
286.2034 	EXP 	eyetracker.setRecordingState(False)
286.2043 	DATA 	Keypress: left
286.2152 	EXP 	trial_image: autoDraw = False
286.6999 	EXP 	window1: mouseVisible = True
286.7151 	EXP 	slider: markerPos = None
286.7151 	EXP 	slider: markerPos = None
286.7151 	EXP 	slider: autoDraw = True
286.7151 	EXP 	hourglass: autoDraw = True
287.6985 	EXP 	hourglass_2: autoDraw = True
287.7152 	EXP 	hourglass: autoDraw = False
288.6985 	EXP 	hourglass_2: autoDraw = False
288.6985 	EXP 	hourglass_3: autoDraw = True
289.6985 	EXP 	hourglass_3: autoDraw = False
289.6985 	EXP 	hourglass_4: autoDraw = True
289.8162 	DATA 	Mouse: Left button down, pos=(1244,430)
289.8319 	EXP 	slider: markerPos = 4.051851868629456
289.8485 	EXP 	slider: markerPos = 4.051851868629456
289.8652 	EXP 	slider: markerPos = 4.051851868629456
289.8818 	EXP 	slider: markerPos = 4.051851868629456
289.8986 	EXP 	slider: markerPos = 4.051851868629456
289.8993 	DATA 	Mouse:  Left button up, pos=(1244,430)
289.9152 	EXP 	slider: markerPos = 4.051851868629456
289.9197 	EXP 	window1: mouseVisible = False
289.9217 	EXP 	New trial (rep=0, index=8): OrderedDict([('t_image', 'stimuli/0008.jpg'), ('t_target', 'targets/cup.jpg'), ('is_target_present', 0)])
289.9743 	EXP 	eyetracker.clearEvents()
290.4751 	EXP 	eyetracker.setRecordingState(True)
290.4825 	EXP 	slider: autoDraw = False
290.4825 	EXP 	hourglass: autoDraw = False
290.4825 	EXP 	hourglass_2: autoDraw = False
290.4825 	EXP 	hourglass_3: autoDraw = False
290.4825 	EXP 	hourglass_4: autoDraw = False
290.4825 	EXP 	text: autoDraw = False
290.4825 	EXP 	trial_target: image = 'targets/cup.jpg'
290.4825 	EXP 	trial_target: image = 'targets/bicycle.jpg'
290.4986 	EXP 	trial_target: autoDraw = True
291.4986 	EXP 	trial_target: autoDraw = False
291.4986 	EXP 	trial_target: autoDraw = False
291.4986 	EXP 	fixationCross: autoDraw = True
292.8986 	EXP 	fixationCross: autoDraw = False
292.8986 	EXP 	fixationCross: autoDraw = False
292.8986 	EXP 	trial_image: image = 'stimuli/0085.jpg'
292.8986 	EXP 	trial_image: autoDraw = True
294.7704 	EXP 	eyetracker.setRecordingState(False)
294.7714 	DATA 	Keypress: right
294.7819 	EXP 	trial_image: autoDraw = False
295.2666 	EXP 	window1: mouseVisible = True
295.2985 	EXP 	slider: markerPos = None
295.2985 	EXP 	slider: markerPos = None
295.2985 	EXP 	slider: autoDraw = True
295.2985 	EXP 	hourglass: autoDraw = True
296.2819 	EXP 	hourglass_2: autoDraw = True
296.2986 	EXP 	hourglass: autoDraw = False
297.2820 	EXP 	hourglass_2: autoDraw = False
297.2820 	EXP 	hourglass_3: autoDraw = True
298.0853 	DATA 	Mouse: Left button down, pos=(1502,414)
298.1152 	EXP 	slider: markerPos = 5.0074074268341064
298.1319 	EXP 	slider: markerPos = 5.0074074268341064
298.1485 	EXP 	slider: markerPos = 5.0074074268341064
298.1652 	EXP 	slider: markerPos = 5.0074074268341064
298.1662 	DATA 	Mouse:  Left button up, pos=(1502,414)
298.1820 	EXP 	slider: markerPos = 5
298.1867 	EXP 	window1: mouseVisible = False
298.1887 	EXP 	New trial (rep=0, index=9): OrderedDict([('t_image', 'stimuli/0009.jpg'), ('t_target', 'targets/toilet_paper.jpg'), ('is_target_present', 1)])
298.2764 	EXP 	eyetracker.clearEvents()
298.7776 	EXP 	eyetracker.setRecordingState(True)
298.7822 	EXP 	slider: autoDraw = False
298.7822 	EXP 	hourglass: autoDraw = False
298.7822 	EXP 	hourglass_2: autoDraw = False
298.7822 	EXP 	hourglass_3: autoDraw = False
298.7822 	EXP 	hourglass_4: autoDraw = False
298.7822 	EXP 	text: autoDraw = False
298.7822 	EXP 	trial_target: image = 'targets/toilet_paper.jpg'
298.7822 	EXP 	trial_target: image = 'targets/bicycle.jpg'
298.7986 	EXP 	trial_target: autoDraw = True
299.7986 	EXP 	trial_target: autoDraw = False
299.7986 	EXP 	trial_target: autoDraw = False
299.7986 	EXP 	fixationCross: autoDraw = True
301.2819 	EXP 	fixationCross: autoDraw = False
301.2819 	EXP 	fixationCross: autoDraw = False
301.2819 	EXP 	trial_image: image = 'stimuli/0084.jpg'
301.2819 	EXP 	trial_image: autoDraw = True
305.4200 	EXP 	eyetracker.setRecordingState(False)
305.4209 	DATA 	Keypress: left
305.4319 	EXP 	trial_image: autoDraw = False
305.9168 	EXP 	window1: mouseVisible = True
305.9320 	EXP 	slider: markerPos = None
305.9320 	EXP 	slider: markerPos = None
305.9320 	EXP 	slider: autoDraw = True
305.9320 	EXP 	hourglass: autoDraw = True
306.9153 	EXP 	hourglass_2: autoDraw = True
306.9320 	EXP 	hourglass: autoDraw = False
307.7661 	DATA 	Mouse: Left button down, pos=(1227,449)
307.7820 	EXP 	slider: markerPos = 3.9888888597488403
307.7986 	EXP 	slider: markerPos = 3.9888888597488403
307.8153 	EXP 	slider: markerPos = 3.9888888597488403
307.8320 	EXP 	slider: markerPos = 3.9888888597488403
307.8398 	DATA 	Mouse:  Left button up, pos=(1227,449)
307.8487 	EXP 	slider: markerPos = 3.9888888597488403
307.8653 	EXP 	slider: markerPos = 3.9888888597488403
307.8699 	EXP 	window1: mouseVisible = False
307.8819 	EXP 	slider: autoDraw = False
307.8819 	EXP 	hourglass: autoDraw = False
307.8819 	EXP 	hourglass_2: autoDraw = False
307.8819 	EXP 	hourglass_3: autoDraw = False
307.8819 	EXP 	hourglass_4: autoDraw = False
307.8819 	EXP 	text: autoDraw = True
320.9657 	DATA 	Keypress: left
326.0657 	DATA 	Keypress: left
337.0850 	DATA 	Mouse: Left button down, pos=(1227,449)
337.1073 	EXP 	Created calibrationTarget = ShapeStim(__class__=<class 'psychopy.visual.shape.ShapeStim'>, anchor=('center', 'center'), autoDraw=False, autoLog=True, closeShape=True, color=method-wrapper(...), colorSpace='rgb', contrast=None, depth=0, fillColor=array([0, 0, 0]), fillColorSpace='rgb', fillRGB=array([0, 0, 0]), interpolate=True, lineColor=array([-1., -1., -1.]), lineColorSpace='rgb', lineRGB=array([-1, -1, -1]), lineWidth=2.0, name='calibrationTarget', opacity=1.0, ori=0.0, pos=array([0., 0.]), size=array([0., 0.]), units='height', vertices=ndarray(...), win=Window(...), windingRule=None)
337.1137 	EXP 	Created calibrationTargetInner = ShapeStim(__class__=<class 'psychopy.visual.shape.ShapeStim'>, anchor=('center', 'center'), autoDraw=False, autoLog=True, closeShape=True, color=method-wrapper(...), colorSpace='rgb', contrast=None, depth=0, fillColor=array([-1.        ,  0.00392157, -1.        ]), fillColorSpace='rgb', fillRGB=array([-1.        ,  0.00392157, -1.        ]), interpolate=True, lineColor=array([-1., -1., -1.]), lineColorSpace='rgb', lineRGB=array([-1, -1, -1]), lineWidth=2.0, name='calibrationTargetInner', opacity=1.0, ori=0.0, pos=array([0., 0.]), size=array([0., 0.]), units='height', vertices=ndarray(...), win=Window(...), windingRule=None)
343.8097 	DATA 	Mouse:  Left button up, pos=(1227,449)
343.8238 	EXP 	text: autoDraw = False
343.8251 	EXP 	New trial (rep=0, index=10): OrderedDict([('t_image', 'stimuli/0010.jpg'), ('t_target', 'targets/seagull.jpg'), ('is_target_present', 0)])
344.0672 	EXP 	eyetracker.clearEvents()
344.5678 	EXP 	eyetracker.setRecordingState(True)
344.6218 	EXP 	trial_target: image = 'targets/seagull.jpg'
344.6218 	EXP 	trial_target: image = 'targets/spatula.jpg'
344.6488 	EXP 	trial_target: autoDraw = True
345.6488 	EXP 	trial_target: autoDraw = False
345.6488 	EXP 	trial_target: autoDraw = False
345.6488 	EXP 	fixationCross: autoDraw = True
347.9003 	EXP 	fixationCross: autoDraw = False
347.9003 	EXP 	fixationCross: autoDraw = False
347.9003 	EXP 	trial_image: image = 'stimuli/0074.jpg'
347.9003 	EXP 	trial_image: autoDraw = True
349.7204 	EXP 	eyetracker.setRecordingState(False)
349.7214 	DATA 	Keypress: right
349.7321 	EXP 	trial_image: autoDraw = False
350.2168 	EXP 	window1: mouseVisible = True
350.2321 	EXP 	slider: markerPos = None
350.2321 	EXP 	slider: markerPos = None
350.2321 	EXP 	slider: autoDraw = True
350.2321 	EXP 	hourglass: autoDraw = True
351.2154 	EXP 	hourglass_2: autoDraw = True
351.2321 	EXP 	hourglass: autoDraw = False
351.9686 	DATA 	Mouse: Left button down, pos=(1224,447)
351.9989 	EXP 	slider: markerPos = 3.9777777791023254
352.0155 	EXP 	slider: markerPos = 3.9777777791023254
352.0322 	EXP 	slider: markerPos = 3.9777777791023254
352.0489 	EXP 	slider: markerPos = 3.9777777791023254
352.0655 	EXP 	slider: markerPos = 3.9777777791023254
352.0731 	DATA 	Mouse:  Left button up, pos=(1224,447)
352.0823 	EXP 	slider: markerPos = 3.9777777791023254
352.0989 	EXP 	slider: markerPos = 3.9777777791023254
352.1035 	EXP 	window1: mouseVisible = False
352.1056 	EXP 	New trial (rep=0, index=11): OrderedDict([('t_image', 'stimuli/0011.jpg'), ('t_target', 'targets/flag.jpg'), ('is_target_present', 1)])
352.1917 	EXP 	eyetracker.clearEvents()
352.6935 	EXP 	eyetracker.setRecordingState(True)
352.6996 	EXP 	slider: autoDraw = False
352.6996 	EXP 	hourglass: autoDraw = False
352.6996 	EXP 	hourglass_2: autoDraw = False
352.6996 	EXP 	hourglass_3: autoDraw = False
352.6996 	EXP 	hourglass_4: autoDraw = False
352.6996 	EXP 	text: autoDraw = False
352.6996 	EXP 	trial_target: image = 'targets/flag.jpg'
352.6996 	EXP 	trial_target: image = 'targets/cup.jpg'
352.7155 	EXP 	trial_target: autoDraw = True
353.7156 	EXP 	trial_target: autoDraw = False
353.7156 	EXP 	trial_target: autoDraw = False
353.7156 	EXP 	fixationCross: autoDraw = True
355.1322 	EXP 	fixationCross: autoDraw = False
355.1322 	EXP 	fixationCross: autoDraw = False
355.1322 	EXP 	trial_image: image = 'stimuli/0077.jpg'
355.1322 	EXP 	trial_image: autoDraw = True
357.8700 	EXP 	eyetracker.setRecordingState(False)
357.8709 	DATA 	Keypress: right
357.8822 	EXP 	trial_image: autoDraw = False
358.3670 	EXP 	window1: mouseVisible = True
358.3989 	EXP 	slider: markerPos = None
358.3989 	EXP 	slider: markerPos = None
358.3989 	EXP 	slider: autoDraw = True
358.3989 	EXP 	hourglass: autoDraw = True
359.3656 	EXP 	hourglass_2: autoDraw = True
359.3989 	EXP 	hourglass: autoDraw = False
359.5001 	DATA 	Mouse: Left button down, pos=(1224,447)
359.5156 	EXP 	slider: markerPos = 3.9777777791023254
359.5322 	EXP 	slider: markerPos = 3.9777777791023254
359.5489 	EXP 	slider: markerPos = 3.9777777791023254
359.5656 	EXP 	slider: markerPos = 3.9777777791023254
359.5823 	EXP 	slider: markerPos = 3.9777777791023254
359.5989 	EXP 	slider: markerPos = 3.9777777791023254
359.6065 	DATA 	Mouse:  Left button up, pos=(1224,447)
359.6156 	EXP 	slider: markerPos = 3.9777777791023254
359.6322 	EXP 	slider: markerPos = 3.9777777791023254
359.6368 	EXP 	window1: mouseVisible = False
359.6389 	EXP 	New trial (rep=0, index=12): OrderedDict([('t_image', 'stimuli/0012.jpg'), ('t_target', 'targets/flag.jpg'), ('is_target_present', 0)])
359.7436 	EXP 	eyetracker.clearEvents()
360.2452 	EXP 	eyetracker.setRecordingState(True)
360.2660 	EXP 	slider: autoDraw = False
360.2660 	EXP 	hourglass: autoDraw = False
360.2660 	EXP 	hourglass_2: autoDraw = False
360.2660 	EXP 	hourglass_3: autoDraw = False
360.2660 	EXP 	hourglass_4: autoDraw = False
360.2660 	EXP 	text: autoDraw = False
360.2660 	EXP 	trial_target: image = 'targets/flag.jpg'
360.2660 	EXP 	trial_target: image = 'targets/mouse.jpg'
360.2823 	EXP 	trial_target: autoDraw = True
361.2823 	EXP 	trial_target: autoDraw = False
361.2823 	EXP 	trial_target: autoDraw = False
361.2823 	EXP 	fixationCross: autoDraw = True
362.5659 	EXP 	fixationCross: autoDraw = False
362.5659 	EXP 	fixationCross: autoDraw = False
362.5659 	EXP 	trial_image: image = 'stimuli/0079.jpg'
362.5659 	EXP 	trial_image: autoDraw = True
368.3365 	EXP 	eyetracker.setRecordingState(False)
368.3374 	DATA 	Keypress: right
368.3490 	EXP 	trial_image: autoDraw = False
368.8337 	EXP 	window1: mouseVisible = True
368.8489 	EXP 	slider: markerPos = None
368.8489 	EXP 	slider: markerPos = None
368.8489 	EXP 	slider: autoDraw = True
368.8489 	EXP 	hourglass: autoDraw = True
369.8323 	EXP 	hourglass_2: autoDraw = True
369.8490 	EXP 	hourglass: autoDraw = False
370.8323 	EXP 	hourglass_2: autoDraw = False
370.8323 	EXP 	hourglass_3: autoDraw = True
370.9168 	DATA 	Mouse: Left button down, pos=(964,438)
370.9323 	EXP 	slider: markerPos = 3.0148148145526648
370.9490 	EXP 	slider: markerPos = 3.0148148145526648
370.9657 	EXP 	slider: markerPos = 3.0148148145526648
370.9823 	EXP 	slider: markerPos = 3.0148148145526648
370.9990 	EXP 	slider: markerPos = 3.0148148145526648
371.0000 	DATA 	Mouse:  Left button up, pos=(964,438)
371.0157 	EXP 	slider: markerPos = 3.0148148145526648
371.0205 	EXP 	window1: mouseVisible = False
371.0227 	EXP 	New trial (rep=0, index=13): OrderedDict([('t_image', 'stimuli/0013.jpg'), ('t_target', 'targets/bicycle.jpg'), ('is_target_present', 1)])
371.0976 	EXP 	eyetracker.clearEvents()
371.5996 	EXP 	eyetracker.setRecordingState(True)
371.6163 	EXP 	slider: autoDraw = False
371.6163 	EXP 	hourglass: autoDraw = False
371.6163 	EXP 	hourglass_2: autoDraw = False
371.6163 	EXP 	hourglass_3: autoDraw = False
371.6163 	EXP 	hourglass_4: autoDraw = False
371.6163 	EXP 	text: autoDraw = False
371.6163 	EXP 	trial_target: image = 'targets/bicycle.jpg'
371.6163 	EXP 	trial_target: image = 'targets/kitchen_towel.jpg'
371.6323 	EXP 	trial_target: autoDraw = True
372.6324 	EXP 	trial_target: autoDraw = False
372.6324 	EXP 	trial_target: autoDraw = False
372.6324 	EXP 	fixationCross: autoDraw = True
374.0326 	EXP 	fixationCross: autoDraw = False
374.0326 	EXP 	fixationCross: autoDraw = False
374.0326 	EXP 	trial_image: image = 'stimuli/0072.jpg'
374.0326 	EXP 	trial_image: autoDraw = True
376.6869 	EXP 	eyetracker.setRecordingState(False)
376.6879 	DATA 	Keypress: left
376.6990 	EXP 	trial_image: autoDraw = False
377.1837 	EXP 	window1: mouseVisible = True
377.1990 	EXP 	slider: markerPos = None
377.1990 	EXP 	slider: markerPos = None
377.1990 	EXP 	slider: autoDraw = True
377.1990 	EXP 	hourglass: autoDraw = True
378.1823 	EXP 	hourglass_2: autoDraw = True
378.1990 	EXP 	hourglass: autoDraw = False
379.1823 	EXP 	hourglass_2: autoDraw = False
379.1823 	EXP 	hourglass_3: autoDraw = True
379.3165 	DATA 	Mouse: Left button down, pos=(1233,435)
379.3323 	EXP 	slider: markerPos = 4.01111114025116
379.3490 	EXP 	slider: markerPos = 4.01111114025116
379.3657 	EXP 	slider: markerPos = 4.01111114025116
379.3823 	EXP 	slider: markerPos = 4.01111114025116
379.3897 	DATA 	Mouse:  Left button up, pos=(1233,435)
379.3990 	EXP 	slider: markerPos = 4.01111114025116
379.4157 	EXP 	slider: markerPos = 4.01111114025116
379.4203 	EXP 	window1: mouseVisible = False
379.4223 	EXP 	New trial (rep=0, index=14): OrderedDict([('t_image', 'stimuli/0014.jpg'), ('t_target', 'targets/wallet.jpg'), ('is_target_present', 0)])
379.6088 	EXP 	eyetracker.clearEvents()
380.1096 	EXP 	eyetracker.setRecordingState(True)
380.1163 	EXP 	slider: autoDraw = False
380.1163 	EXP 	hourglass: autoDraw = False
380.1163 	EXP 	hourglass_2: autoDraw = False
380.1163 	EXP 	hourglass_3: autoDraw = False
380.1163 	EXP 	hourglass_4: autoDraw = False
380.1163 	EXP 	text: autoDraw = False
380.1163 	EXP 	trial_target: image = 'targets/wallet.jpg'
380.1163 	EXP 	trial_target: image = 'targets/cup.jpg'
380.1324 	EXP 	trial_target: autoDraw = True
381.1324 	EXP 	trial_target: autoDraw = False
381.1324 	EXP 	trial_target: autoDraw = False
381.1324 	EXP 	fixationCross: autoDraw = True
383.0161 	EXP 	fixationCross: autoDraw = False
383.0161 	EXP 	fixationCross: autoDraw = False
383.0161 	EXP 	trial_image: image = 'stimuli/0078.jpg'
383.0161 	EXP 	trial_image: autoDraw = True
386.4512 	DATA 	Mouse: Left button down, pos=(1233,435)
386.5515 	DATA 	Mouse:  Left button up, pos=(1233,435)
389.5525 	EXP 	eyetracker.setRecordingState(False)
389.5535 	DATA 	Keypress: left
389.5657 	EXP 	trial_image: autoDraw = False
390.0504 	EXP 	window1: mouseVisible = True
390.0657 	EXP 	slider: markerPos = None
390.0657 	EXP 	slider: markerPos = None
390.0657 	EXP 	slider: autoDraw = True
390.0657 	EXP 	hourglass: autoDraw = True
391.0491 	EXP 	hourglass_2: autoDraw = True
391.0657 	EXP 	hourglass: autoDraw = False
392.0491 	EXP 	hourglass_2: autoDraw = False
392.0491 	EXP 	hourglass_3: autoDraw = True
392.3999 	DATA 	Mouse: Left button down, pos=(1234,439)
392.4158 	EXP 	slider: markerPos = 4.014814853668213
392.4324 	EXP 	slider: markerPos = 4.014814853668213
392.4491 	EXP 	slider: markerPos = 4.014814853668213
392.4658 	EXP 	slider: markerPos = 4.014814853668213
392.4666 	DATA 	Mouse:  Left button up, pos=(1234,439)
392.4824 	EXP 	slider: markerPos = 4.014814853668213
392.4870 	EXP 	window1: mouseVisible = False
392.4891 	EXP 	New trial (rep=0, index=15): OrderedDict([('t_image', 'stimuli/0015.jpg'), ('t_target', 'targets/clock.jpg'), ('is_target_present', 1)])
392.6598 	EXP 	eyetracker.clearEvents()
393.1618 	EXP 	eyetracker.setRecordingState(True)
393.1831 	EXP 	slider: autoDraw = False
393.1831 	EXP 	hourglass: autoDraw = False
393.1831 	EXP 	hourglass_2: autoDraw = False
393.1831 	EXP 	hourglass_3: autoDraw = False
393.1831 	EXP 	hourglass_4: autoDraw = False
393.1831 	EXP 	text: autoDraw = False
393.1831 	EXP 	trial_target: image = 'targets/clock.jpg'
393.1831 	EXP 	trial_target: image = 'targets/lemon.jpg'
393.1991 	EXP 	trial_target: autoDraw = True
394.1991 	EXP 	trial_target: autoDraw = False
394.1991 	EXP 	trial_target: autoDraw = False
394.1991 	EXP 	fixationCross: autoDraw = True
396.2665 	EXP 	fixationCross: autoDraw = False
396.2665 	EXP 	fixationCross: autoDraw = False
396.2665 	EXP 	trial_image: image = 'stimuli/0070.jpg'
396.2665 	EXP 	trial_image: autoDraw = True
399.4542 	EXP 	eyetracker.setRecordingState(False)
399.4551 	DATA 	Keypress: left
399.4658 	EXP 	trial_image: autoDraw = False
399.9505 	EXP 	window1: mouseVisible = True
399.9824 	EXP 	slider: markerPos = None
399.9824 	EXP 	slider: markerPos = None
399.9824 	EXP 	slider: autoDraw = True
399.9824 	EXP 	hourglass: autoDraw = True
400.9658 	EXP 	hourglass_2: autoDraw = True
400.9825 	EXP 	hourglass: autoDraw = False
401.9658 	EXP 	hourglass_2: autoDraw = False
401.9658 	EXP 	hourglass_3: autoDraw = True
402.3000 	DATA 	Mouse: Left button down, pos=(1503,434)
402.3158 	EXP 	slider: markerPos = 5.01111102104187
402.3325 	EXP 	slider: markerPos = 5.01111102104187
402.3491 	EXP 	slider: markerPos = 5.01111102104187
402.3658 	EXP 	slider: markerPos = 5.01111102104187
402.3825 	EXP 	slider: markerPos = 5.01111102104187
402.3904 	DATA 	Mouse:  Left button up, pos=(1503,434)
402.3992 	EXP 	slider: markerPos = 5.01111102104187
402.4158 	EXP 	slider: markerPos = 5
402.4206 	EXP 	window1: mouseVisible = False
402.4227 	EXP 	New trial (rep=0, index=16): OrderedDict([('t_image', 'stimuli/0016.jpg'), ('t_target', 'targets/ceramic_cup.jpg'), ('is_target_present', 0)])
402.6675 	EXP 	eyetracker.clearEvents()
403.1692 	EXP 	eyetracker.setRecordingState(True)
403.1828 	EXP 	slider: autoDraw = False
403.1828 	EXP 	hourglass: autoDraw = False
403.1828 	EXP 	hourglass_2: autoDraw = False
403.1828 	EXP 	hourglass_3: autoDraw = False
403.1828 	EXP 	hourglass_4: autoDraw = False
403.1828 	EXP 	text: autoDraw = False
403.1828 	EXP 	trial_target: image = 'targets/ceramic_cup.jpg'
403.1828 	EXP 	trial_target: image = 'targets/teapot.jpg'
403.1992 	EXP 	trial_target: autoDraw = True
404.1992 	EXP 	trial_target: autoDraw = False
404.1992 	EXP 	trial_target: autoDraw = False
404.1992 	EXP 	fixationCross: autoDraw = True
406.0163 	EXP 	fixationCross: autoDraw = False
406.0163 	EXP 	fixationCross: autoDraw = False
406.0163 	EXP 	trial_image: image = 'stimuli/0073.jpg'
406.0163 	EXP 	trial_image: autoDraw = True
409.3364 	EXP 	eyetracker.setRecordingState(False)
409.3373 	DATA 	Keypress: right
409.3492 	EXP 	trial_image: autoDraw = False
409.8339 	EXP 	window1: mouseVisible = True
409.8492 	EXP 	slider: markerPos = None
409.8492 	EXP 	slider: markerPos = None
409.8492 	EXP 	slider: autoDraw = True
409.8492 	EXP 	hourglass: autoDraw = True
410.8194 	DATA 	Mouse: Left button down, pos=(1503,434)
410.8325 	EXP 	hourglass_2: autoDraw = True
410.8492 	EXP 	hourglass: autoDraw = False
410.8492 	EXP 	slider: markerPos = 5.01111102104187
410.8658 	EXP 	slider: markerPos = 5.01111102104187
410.8825 	EXP 	slider: markerPos = 5.01111102104187
410.8992 	EXP 	slider: markerPos = 5.01111102104187
410.8999 	DATA 	Mouse:  Left button up, pos=(1503,434)
410.9159 	EXP 	slider: markerPos = 5
410.9205 	EXP 	window1: mouseVisible = False
410.9226 	EXP 	New trial (rep=0, index=17): OrderedDict([('t_image', 'stimuli/0017.jpg'), ('t_target', 'targets/pigeon.jpg'), ('is_target_present', 1)])
411.0827 	EXP 	eyetracker.clearEvents()
411.5844 	EXP 	eyetracker.setRecordingState(True)
411.5998 	EXP 	slider: autoDraw = False
411.5998 	EXP 	hourglass: autoDraw = False
411.5998 	EXP 	hourglass_2: autoDraw = False
411.5998 	EXP 	hourglass_3: autoDraw = False
411.5998 	EXP 	hourglass_4: autoDraw = False
411.5998 	EXP 	text: autoDraw = False
411.5998 	EXP 	trial_target: image = 'targets/pigeon.jpg'
411.5998 	EXP 	trial_target: image = 'targets/remote.jpg'
411.6159 	EXP 	trial_target: autoDraw = True
412.6159 	EXP 	trial_target: autoDraw = False
412.6159 	EXP 	trial_target: autoDraw = False
412.6159 	EXP 	fixationCross: autoDraw = True
414.6496 	EXP 	fixationCross: autoDraw = False
414.6496 	EXP 	fixationCross: autoDraw = False
414.6496 	EXP 	trial_image: image = 'stimuli/0075.jpg'
414.6496 	EXP 	trial_image: autoDraw = True
418.8386 	EXP 	eyetracker.setRecordingState(False)
418.8395 	DATA 	Keypress: right
418.8492 	EXP 	trial_image: autoDraw = False
419.3339 	EXP 	window1: mouseVisible = True
419.3659 	EXP 	slider: markerPos = None
419.3659 	EXP 	slider: markerPos = None
419.3659 	EXP 	slider: autoDraw = True
419.3659 	EXP 	hourglass: autoDraw = True
419.8168 	DATA 	Mouse: Left button down, pos=(1503,434)
419.8325 	EXP 	slider: markerPos = 5.01111102104187
419.8492 	EXP 	slider: markerPos = 5.01111102104187
419.8659 	EXP 	slider: markerPos = 5.01111102104187
419.8826 	EXP 	slider: markerPos = 5.01111102104187
419.8833 	DATA 	Mouse:  Left button up, pos=(1503,434)
419.8992 	EXP 	slider: markerPos = 5
419.9038 	EXP 	window1: mouseVisible = False
419.9059 	EXP 	New trial (rep=0, index=18): OrderedDict([('t_image', 'stimuli/0018.jpg'), ('t_target', 'targets/newspaper.jpg'), ('is_target_present', 0)])
420.0001 	EXP 	eyetracker.clearEvents()
420.5021 	EXP 	eyetracker.setRecordingState(True)
420.5172 	EXP 	slider: autoDraw = False
420.5172 	EXP 	hourglass: autoDraw = False
420.5172 	EXP 	hourglass_2: autoDraw = False
420.5172 	EXP 	hourglass_3: autoDraw = False
420.5172 	EXP 	hourglass_4: autoDraw = False
420.5172 	EXP 	text: autoDraw = False
420.5172 	EXP 	trial_target: image = 'targets/newspaper.jpg'
420.5172 	EXP 	trial_target: image = 'targets/bottle.jpg'
420.5326 	EXP 	trial_target: autoDraw = True
421.5326 	EXP 	trial_target: autoDraw = False
421.5326 	EXP 	trial_target: autoDraw = False
421.5326 	EXP 	fixationCross: autoDraw = True
423.1497 	EXP 	fixationCross: autoDraw = False
423.1497 	EXP 	fixationCross: autoDraw = False
423.1497 	EXP 	trial_image: image = 'stimuli/0076.jpg'
423.1497 	EXP 	trial_image: autoDraw = True
426.5030 	EXP 	eyetracker.setRecordingState(False)
426.5040 	DATA 	Keypress: left
426.5159 	EXP 	trial_image: autoDraw = False
427.0006 	EXP 	window1: mouseVisible = True
427.0159 	EXP 	slider: markerPos = None
427.0159 	EXP 	slider: markerPos = None
427.0159 	EXP 	slider: autoDraw = True
427.0159 	EXP 	hourglass: autoDraw = True
427.9993 	EXP 	hourglass_2: autoDraw = True
428.0159 	EXP 	hourglass: autoDraw = False
428.9993 	EXP 	hourglass_2: autoDraw = False
428.9993 	EXP 	hourglass_3: autoDraw = True
429.5001 	DATA 	Mouse: Left button down, pos=(1243,422)
429.5159 	EXP 	slider: markerPos = 4.048148155212402
429.5326 	EXP 	slider: markerPos = 4.048148155212402
429.5493 	EXP 	slider: markerPos = 4.048148155212402
429.5504 	DATA 	Mouse:  Left button up, pos=(1243,422)
429.5660 	EXP 	slider: markerPos = 4.048148155212402
429.5709 	EXP 	window1: mouseVisible = False
429.5731 	EXP 	New trial (rep=0, index=19): OrderedDict([('t_image', 'stimuli/0019.jpg'), ('t_target', 'targets/flag.jpg'), ('is_target_present', 1)])
429.6484 	EXP 	eyetracker.clearEvents()
430.1505 	EXP 	eyetracker.setRecordingState(True)
430.1666 	EXP 	slider: autoDraw = False
430.1666 	EXP 	hourglass: autoDraw = False
430.1666 	EXP 	hourglass_2: autoDraw = False
430.1666 	EXP 	hourglass_3: autoDraw = False
430.1666 	EXP 	hourglass_4: autoDraw = False
430.1666 	EXP 	text: autoDraw = False
430.1666 	EXP 	trial_target: image = 'targets/flag.jpg'
430.1666 	EXP 	trial_target: image = 'targets/kitchen_towel.jpg'
430.1827 	EXP 	trial_target: autoDraw = True
431.1827 	EXP 	trial_target: autoDraw = False
431.1827 	EXP 	trial_target: autoDraw = False
431.1827 	EXP 	fixationCross: autoDraw = True
434.4020 	EXP 	fixationCross: autoDraw = False
434.4020 	EXP 	fixationCross: autoDraw = False
434.4020 	EXP 	trial_image: image = 'stimuli/0071.jpg'
434.4020 	EXP 	trial_image: autoDraw = True
439.4208 	EXP 	eyetracker.setRecordingState(False)
439.4217 	DATA 	Keypress: left
439.4325 	EXP 	trial_image: autoDraw = False
439.9172 	EXP 	window1: mouseVisible = True
439.9327 	EXP 	slider: markerPos = None
439.9327 	EXP 	slider: markerPos = None
439.9327 	EXP 	slider: autoDraw = True
439.9327 	EXP 	hourglass: autoDraw = True
440.9159 	EXP 	hourglass_2: autoDraw = True
440.9326 	EXP 	hourglass: autoDraw = False
441.2838 	DATA 	Mouse: Left button down, pos=(1243,422)
441.2992 	EXP 	slider: markerPos = 4.048148155212402
441.3159 	EXP 	slider: markerPos = 4.048148155212402
441.3326 	EXP 	slider: markerPos = 4.048148155212402
441.3493 	EXP 	slider: markerPos = 4.048148155212402
441.3659 	EXP 	slider: markerPos = 4.048148155212402
441.3826 	EXP 	slider: markerPos = 4.048148155212402
441.3837 	DATA 	Mouse:  Left button up, pos=(1243,422)
441.3993 	EXP 	slider: markerPos = 4.048148155212402
441.4054 	EXP 	window1: mouseVisible = False
441.4160 	EXP 	slider: autoDraw = False
441.4160 	EXP 	hourglass: autoDraw = False
441.4160 	EXP 	hourglass_2: autoDraw = False
441.4160 	EXP 	hourglass_3: autoDraw = False
441.4160 	EXP 	hourglass_4: autoDraw = False
441.4160 	EXP 	text: autoDraw = True
453.5855 	DATA 	Mouse: Left button down, pos=(1243,422)
453.6080 	EXP 	Created calibrationTarget = ShapeStim(__class__=<class 'psychopy.visual.shape.ShapeStim'>, anchor=('center', 'center'), autoDraw=False, autoLog=True, closeShape=True, color=method-wrapper(...), colorSpace='rgb', contrast=None, depth=0, fillColor=array([0, 0, 0]), fillColorSpace='rgb', fillRGB=array([0, 0, 0]), interpolate=True, lineColor=array([-1., -1., -1.]), lineColorSpace='rgb', lineRGB=array([-1, -1, -1]), lineWidth=2.0, name='calibrationTarget', opacity=1.0, ori=0.0, pos=array([0., 0.]), size=array([0., 0.]), units='height', vertices=ndarray(...), win=Window(...), windingRule=None)
453.6144 	EXP 	Created calibrationTargetInner = ShapeStim(__class__=<class 'psychopy.visual.shape.ShapeStim'>, anchor=('center', 'center'), autoDraw=False, autoLog=True, closeShape=True, color=method-wrapper(...), colorSpace='rgb', contrast=None, depth=0, fillColor=array([-1.        ,  0.00392157, -1.        ]), fillColorSpace='rgb', fillRGB=array([-1.        ,  0.00392157, -1.        ]), interpolate=True, lineColor=array([-1., -1., -1.]), lineColorSpace='rgb', lineRGB=array([-1, -1, -1]), lineWidth=2.0, name='calibrationTargetInner', opacity=1.0, ori=0.0, pos=array([0., 0.]), size=array([0., 0.]), units='height', vertices=ndarray(...), win=Window(...), windingRule=None)
468.7004 	DATA 	Mouse:  Left button up, pos=(1243,422)
468.7117 	EXP 	text: autoDraw = False
468.7127 	EXP 	New trial (rep=0, index=20): OrderedDict([('t_image', 'stimuli/0020.jpg'), ('t_target', 'targets/fan.jpg'), ('is_target_present', 0)])
468.8340 	EXP 	eyetracker.clearEvents()
469.3359 	EXP 	eyetracker.setRecordingState(True)
469.3438 	EXP 	trial_target: image = 'targets/fan.jpg'
469.3438 	EXP 	trial_target: image = 'targets/candle.jpg'
469.3898 	EXP 	trial_target: autoDraw = True
470.3995 	EXP 	trial_target: autoDraw = False
470.3995 	EXP 	trial_target: autoDraw = False
470.3995 	EXP 	fixationCross: autoDraw = True
472.6668 	EXP 	fixationCross: autoDraw = False
472.6668 	EXP 	fixationCross: autoDraw = False
472.6668 	EXP 	trial_image: image = 'stimuli/0021.jpg'
472.6668 	EXP 	trial_image: autoDraw = True
475.9880 	EXP 	eyetracker.setRecordingState(False)
475.9889 	DATA 	Keypress: left
475.9995 	EXP 	trial_image: autoDraw = False
476.4841 	EXP 	window1: mouseVisible = True
476.4995 	EXP 	slider: markerPos = None
476.4995 	EXP 	slider: markerPos = None
476.4995 	EXP 	slider: autoDraw = True
476.4995 	EXP 	hourglass: autoDraw = True
477.4829 	EXP 	hourglass_2: autoDraw = True
477.4995 	EXP 	hourglass: autoDraw = False
478.4829 	EXP 	hourglass_2: autoDraw = False
478.4829 	EXP 	hourglass_3: autoDraw = True
478.8173 	DATA 	Mouse: Left button down, pos=(968,435)
478.8329 	EXP 	slider: markerPos = 3.0296296291053295
478.8495 	EXP 	slider: markerPos = 3.0296296291053295
478.8662 	EXP 	slider: markerPos = 3.0296296291053295
478.8829 	EXP 	slider: markerPos = 3.0296296291053295
478.8996 	EXP 	slider: markerPos = 3.0296296291053295
478.9162 	EXP 	slider: markerPos = 3.0296296291053295
478.9329 	EXP 	slider: markerPos = 3.0296296291053295
478.9406 	DATA 	Mouse:  Left button up, pos=(968,435)
478.9496 	EXP 	slider: markerPos = 3.0296296291053295
478.9662 	EXP 	slider: markerPos = 3.0296296291053295
478.9708 	EXP 	window1: mouseVisible = False
478.9729 	EXP 	New trial (rep=0, index=21): OrderedDict([('t_image', 'stimuli/0021.jpg'), ('t_target', 'targets/candle.jpg'), ('is_target_present', 1)])
479.0974 	EXP 	eyetracker.clearEvents()
479.5980 	EXP 	eyetracker.setRecordingState(True)
479.6167 	EXP 	slider: autoDraw = False
479.6167 	EXP 	hourglass: autoDraw = False
479.6167 	EXP 	hourglass_2: autoDraw = False
479.6167 	EXP 	hourglass_3: autoDraw = False
479.6167 	EXP 	hourglass_4: autoDraw = False
479.6167 	EXP 	text: autoDraw = False
479.6167 	EXP 	trial_target: image = 'targets/candle.jpg'
479.6167 	EXP 	trial_target: image = 'targets/bus.jpg'
479.6329 	EXP 	trial_target: autoDraw = True
480.6329 	EXP 	trial_target: autoDraw = False
480.6329 	EXP 	trial_target: autoDraw = False
480.6329 	EXP 	fixationCross: autoDraw = True
481.8999 	EXP 	fixationCross: autoDraw = False
481.8999 	EXP 	fixationCross: autoDraw = False
481.8999 	EXP 	trial_image: image = 'stimuli/0023.jpg'
481.8999 	EXP 	trial_image: autoDraw = True
487.7368 	EXP 	eyetracker.setRecordingState(False)
487.7379 	DATA 	Keypress: right
487.7496 	EXP 	trial_image: autoDraw = False
488.2344 	EXP 	window1: mouseVisible = True
488.2496 	EXP 	slider: markerPos = None
488.2496 	EXP 	slider: markerPos = None
488.2496 	EXP 	slider: autoDraw = True
488.2496 	EXP 	hourglass: autoDraw = True
489.2330 	EXP 	hourglass_2: autoDraw = True
489.2496 	EXP 	hourglass: autoDraw = False
490.0840 	DATA 	Mouse: Left button down, pos=(1224,450)
490.0996 	EXP 	slider: markerPos = 3.9777777791023254
490.1163 	EXP 	slider: markerPos = 3.9777777791023254
490.1329 	EXP 	slider: markerPos = 3.9777777791023254
490.1496 	EXP 	slider: markerPos = 3.9777777791023254
490.1663 	EXP 	slider: markerPos = 3.9777777791023254
490.1741 	DATA 	Mouse:  Left button up, pos=(1224,450)
490.1830 	EXP 	slider: markerPos = 3.9777777791023254
490.1996 	EXP 	slider: markerPos = 3.9777777791023254
490.2043 	EXP 	window1: mouseVisible = False
490.2062 	EXP 	New trial (rep=0, index=22): OrderedDict([('t_image', 'stimuli/0022.jpg'), ('t_target', 'targets/pigeon.jpg'), ('is_target_present', 0)])
490.3076 	EXP 	eyetracker.clearEvents()
490.8085 	EXP 	eyetracker.setRecordingState(True)
490.8168 	EXP 	slider: autoDraw = False
490.8168 	EXP 	hourglass: autoDraw = False
490.8168 	EXP 	hourglass_2: autoDraw = False
490.8168 	EXP 	hourglass_3: autoDraw = False
490.8168 	EXP 	hourglass_4: autoDraw = False
490.8168 	EXP 	text: autoDraw = False
490.8168 	EXP 	trial_target: image = 'targets/pigeon.jpg'
490.8168 	EXP 	trial_target: image = 'targets/tweety.jpg'
490.8330 	EXP 	trial_target: autoDraw = True
491.8330 	EXP 	trial_target: autoDraw = False
491.8330 	EXP 	trial_target: autoDraw = False
491.8330 	EXP 	fixationCross: autoDraw = True
493.7666 	EXP 	fixationCross: autoDraw = False
493.7666 	EXP 	fixationCross: autoDraw = False
493.7666 	EXP 	trial_image: image = 'stimuli/0025.jpg'
493.7666 	EXP 	trial_image: autoDraw = True
495.3207 	EXP 	eyetracker.setRecordingState(False)
495.3216 	DATA 	Keypress: right
495.3330 	EXP 	trial_image: autoDraw = False
495.8176 	EXP 	window1: mouseVisible = True
495.8496 	EXP 	slider: markerPos = None
495.8496 	EXP 	slider: markerPos = None
495.8496 	EXP 	slider: autoDraw = True
495.8496 	EXP 	hourglass: autoDraw = True
496.2507 	DATA 	Mouse: Left button down, pos=(1224,450)
496.2663 	EXP 	slider: markerPos = 3.9777777791023254
496.2830 	EXP 	slider: markerPos = 3.9777777791023254
496.2996 	EXP 	slider: markerPos = 3.9777777791023254
496.3163 	EXP 	slider: markerPos = 3.9777777791023254
496.3242 	DATA 	Mouse:  Left button up, pos=(1224,450)
496.3330 	EXP 	slider: markerPos = 3.9777777791023254
496.3497 	EXP 	slider: markerPos = 3.9777777791023254
496.3543 	EXP 	window1: mouseVisible = False
496.3564 	EXP 	New trial (rep=0, index=23): OrderedDict([('t_image', 'stimuli/0023.jpg'), ('t_target', 'targets/bus.jpg'), ('is_target_present', 1)])
496.4974 	EXP 	eyetracker.clearEvents()
496.9995 	EXP 	eyetracker.setRecordingState(True)
497.0170 	EXP 	slider: autoDraw = False
497.0170 	EXP 	hourglass: autoDraw = False
497.0170 	EXP 	hourglass_2: autoDraw = False
497.0170 	EXP 	hourglass_3: autoDraw = False
497.0170 	EXP 	hourglass_4: autoDraw = False
497.0170 	EXP 	text: autoDraw = False
497.0170 	EXP 	trial_target: image = 'targets/bus.jpg'
497.0170 	EXP 	trial_target: image = 'targets/fan.jpg'
497.0330 	EXP 	trial_target: autoDraw = True
498.0330 	EXP 	trial_target: autoDraw = False
498.0330 	EXP 	trial_target: autoDraw = False
498.0330 	EXP 	fixationCross: autoDraw = True
499.4163 	EXP 	fixationCross: autoDraw = False
499.4163 	EXP 	fixationCross: autoDraw = False
499.4163 	EXP 	trial_image: image = 'stimuli/0020.jpg'
499.4163 	EXP 	trial_image: autoDraw = True
504.9021 	DATA 	Keypress: rctrl
506.3024 	DATA 	Keypress: rctrl
509.6699 	EXP 	eyetracker.setRecordingState(False)
509.6708 	DATA 	Keypress: left
509.6831 	EXP 	trial_image: autoDraw = False
510.1679 	EXP 	window1: mouseVisible = True
510.1998 	EXP 	slider: markerPos = None
510.1998 	EXP 	slider: markerPos = None
510.1998 	EXP 	slider: autoDraw = True
510.1998 	EXP 	hourglass: autoDraw = True
511.1831 	EXP 	hourglass_2: autoDraw = True
511.1997 	EXP 	hourglass: autoDraw = False
512.1831 	EXP 	hourglass_2: autoDraw = False
512.1831 	EXP 	hourglass_3: autoDraw = True
512.3864 	DATA 	Mouse: Left button down, pos=(1224,433)
512.4164 	EXP 	slider: markerPos = 3.9777777791023254
512.4331 	EXP 	slider: markerPos = 3.9777777791023254
512.4497 	EXP 	slider: markerPos = 3.9777777791023254
512.4664 	EXP 	slider: markerPos = 3.9777777791023254
512.4674 	DATA 	Mouse:  Left button up, pos=(1224,433)
512.4831 	EXP 	slider: markerPos = 3.9777777791023254
512.4877 	EXP 	window1: mouseVisible = False
512.4897 	EXP 	New trial (rep=0, index=24): OrderedDict([('t_image', 'stimuli/0024.jpg'), ('t_target', 'targets/flag.jpg'), ('is_target_present', 0)])
512.5388 	EXP 	eyetracker.clearEvents()
513.0408 	EXP 	eyetracker.setRecordingState(True)
513.0502 	EXP 	slider: autoDraw = False
513.0502 	EXP 	hourglass: autoDraw = False
513.0502 	EXP 	hourglass_2: autoDraw = False
513.0502 	EXP 	hourglass_3: autoDraw = False
513.0502 	EXP 	hourglass_4: autoDraw = False
513.0502 	EXP 	text: autoDraw = False
513.0502 	EXP 	trial_target: image = 'targets/flag.jpg'
513.0502 	EXP 	trial_target: image = 'targets/tweety.jpg'
513.0664 	EXP 	trial_target: autoDraw = True
514.0664 	EXP 	trial_target: autoDraw = False
514.0664 	EXP 	trial_target: autoDraw = False
514.0664 	EXP 	fixationCross: autoDraw = True
515.6001 	EXP 	fixationCross: autoDraw = False
515.6001 	EXP 	fixationCross: autoDraw = False
515.6001 	EXP 	trial_image: image = 'stimuli/0028.jpg'
515.6001 	EXP 	trial_image: autoDraw = True
517.9045 	EXP 	eyetracker.setRecordingState(False)
517.9055 	DATA 	Keypress: left
517.9164 	EXP 	trial_image: autoDraw = False
518.4011 	EXP 	window1: mouseVisible = True
518.4164 	EXP 	slider: markerPos = None
518.4164 	EXP 	slider: markerPos = None
518.4164 	EXP 	slider: autoDraw = True
518.4164 	EXP 	hourglass: autoDraw = True
519.3999 	EXP 	hourglass_2: autoDraw = True
519.4165 	EXP 	hourglass: autoDraw = False
519.9173 	DATA 	Mouse: Left button down, pos=(1223,429)
519.9331 	EXP 	slider: markerPos = 3.974074065685272
519.9498 	EXP 	slider: markerPos = 3.974074065685272
519.9664 	EXP 	slider: markerPos = 3.974074065685272
519.9831 	EXP 	slider: markerPos = 3.974074065685272
519.9998 	EXP 	slider: markerPos = 3.974074065685272
520.0009 	DATA 	Mouse:  Left button up, pos=(1223,429)
520.0165 	EXP 	slider: markerPos = 3.974074065685272
520.0211 	EXP 	window1: mouseVisible = False
520.0231 	EXP 	New trial (rep=0, index=25): OrderedDict([('t_image', 'stimuli/0025.jpg'), ('t_target', 'targets/tweety.jpg'), ('is_target_present', 1)])
520.1020 	EXP 	eyetracker.clearEvents()
520.6031 	EXP 	eyetracker.setRecordingState(True)
520.6169 	EXP 	slider: autoDraw = False
520.6169 	EXP 	hourglass: autoDraw = False
520.6169 	EXP 	hourglass_2: autoDraw = False
520.6169 	EXP 	hourglass_3: autoDraw = False
520.6169 	EXP 	hourglass_4: autoDraw = False
520.6169 	EXP 	text: autoDraw = False
520.6169 	EXP 	trial_target: image = 'targets/tweety.jpg'
520.6169 	EXP 	trial_target: image = 'targets/pigeon.jpg'
520.6332 	EXP 	trial_target: autoDraw = True
521.6331 	EXP 	trial_target: autoDraw = False
521.6331 	EXP 	trial_target: autoDraw = False
521.6331 	EXP 	fixationCross: autoDraw = True
522.7668 	EXP 	fixationCross: autoDraw = False
522.7668 	EXP 	fixationCross: autoDraw = False
522.7668 	EXP 	trial_image: image = 'stimuli/0022.jpg'
522.7668 	EXP 	trial_image: autoDraw = True
529.8703 	EXP 	eyetracker.setRecordingState(False)
529.8713 	DATA 	Keypress: left
529.8832 	EXP 	trial_image: autoDraw = False
530.3678 	EXP 	window1: mouseVisible = True
530.3832 	EXP 	slider: markerPos = None
530.3832 	EXP 	slider: markerPos = None
530.3832 	EXP 	slider: autoDraw = True
530.3832 	EXP 	hourglass: autoDraw = True
531.3665 	EXP 	hourglass_2: autoDraw = True
531.3832 	EXP 	hourglass: autoDraw = False
531.8531 	DATA 	Mouse: Left button down, pos=(1223,429)
531.8832 	EXP 	slider: markerPos = 3.974074065685272
531.8998 	EXP 	slider: markerPos = 3.974074065685272
531.9165 	EXP 	slider: markerPos = 3.974074065685272
531.9243 	DATA 	Mouse:  Left button up, pos=(1223,429)
531.9332 	EXP 	slider: markerPos = 3.974074065685272
531.9499 	EXP 	slider: markerPos = 3.974074065685272
531.9546 	EXP 	window1: mouseVisible = False
531.9566 	EXP 	New trial (rep=0, index=26): OrderedDict([('t_image', 'stimuli/0026.jpg'), ('t_target', 'targets/scissors.jpg'), ('is_target_present', 0)])
532.0791 	EXP 	eyetracker.clearEvents()
532.5802 	EXP 	eyetracker.setRecordingState(True)
532.5999 	EXP 	slider: autoDraw = False
532.5999 	EXP 	hourglass: autoDraw = False
532.5999 	EXP 	hourglass_2: autoDraw = False
532.5999 	EXP 	hourglass_3: autoDraw = False
532.5999 	EXP 	hourglass_4: autoDraw = False
532.5999 	EXP 	text: autoDraw = False
532.5999 	EXP 	trial_target: image = 'targets/scissors.jpg'
532.5999 	EXP 	trial_target: image = 'targets/mouse.jpg'
532.6165 	EXP 	trial_target: autoDraw = True
533.6165 	EXP 	trial_target: autoDraw = False
533.6165 	EXP 	trial_target: autoDraw = False
533.6165 	EXP 	fixationCross: autoDraw = True
535.0669 	EXP 	fixationCross: autoDraw = False
535.0669 	EXP 	fixationCross: autoDraw = False
535.0669 	EXP 	trial_image: image = 'stimuli/0029.jpg'
535.0669 	EXP 	trial_image: autoDraw = True
536.7208 	EXP 	eyetracker.setRecordingState(False)
536.7218 	DATA 	Keypress: right
536.7332 	EXP 	trial_image: autoDraw = False
537.2180 	EXP 	window1: mouseVisible = True
537.2332 	EXP 	slider: markerPos = None
537.2332 	EXP 	slider: markerPos = None
537.2332 	EXP 	slider: autoDraw = True
537.2332 	EXP 	hourglass: autoDraw = True
538.2165 	EXP 	hourglass_2: autoDraw = True
538.2332 	EXP 	hourglass: autoDraw = False
538.7507 	DATA 	Mouse: Left button down, pos=(1498,431)
538.7665 	EXP 	slider: markerPos = 4.9925925731658936
538.7832 	EXP 	slider: markerPos = 4.9925925731658936
538.7998 	EXP 	slider: markerPos = 4.9925925731658936
538.8165 	EXP 	slider: markerPos = 4.9925925731658936
538.8332 	EXP 	slider: markerPos = 4.9925925731658936
538.8499 	EXP 	slider: markerPos = 4.9925925731658936
538.8509 	DATA 	Mouse:  Left button up, pos=(1498,431)
538.8665 	EXP 	slider: markerPos = 4.9925925731658936
538.8718 	EXP 	window1: mouseVisible = False
538.8738 	EXP 	New trial (rep=0, index=27): OrderedDict([('t_image', 'stimuli/0027.jpg'), ('t_target', 'targets/headphones.jpg'), ('is_target_present', 1)])
538.9412 	EXP 	eyetracker.clearEvents()
539.4427 	EXP 	eyetracker.setRecordingState(True)
539.4504 	EXP 	slider: autoDraw = False
539.4504 	EXP 	hourglass: autoDraw = False
539.4504 	EXP 	hourglass_2: autoDraw = False
539.4504 	EXP 	hourglass_3: autoDraw = False
539.4504 	EXP 	hourglass_4: autoDraw = False
539.4504 	EXP 	text: autoDraw = False
539.4504 	EXP 	trial_target: image = 'targets/headphones.jpg'
539.4504 	EXP 	trial_target: image = 'targets/flag.jpg'
539.4666 	EXP 	trial_target: autoDraw = True
540.4666 	EXP 	trial_target: autoDraw = False
540.4666 	EXP 	trial_target: autoDraw = False
540.4666 	EXP 	fixationCross: autoDraw = True
541.9002 	EXP 	fixationCross: autoDraw = False
541.9002 	EXP 	fixationCross: autoDraw = False
541.9002 	EXP 	trial_image: image = 'stimuli/0024.jpg'
541.9002 	EXP 	trial_image: autoDraw = True
548.7887 	EXP 	eyetracker.setRecordingState(False)
548.7896 	DATA 	Keypress: left
548.8000 	EXP 	trial_image: autoDraw = False
549.2848 	EXP 	window1: mouseVisible = True
549.2999 	EXP 	slider: markerPos = None
549.2999 	EXP 	slider: markerPos = None
549.2999 	EXP 	slider: autoDraw = True
549.2999 	EXP 	hourglass: autoDraw = True
550.2833 	EXP 	hourglass_2: autoDraw = True
550.2999 	EXP 	hourglass: autoDraw = False
550.7507 	DATA 	Mouse: Left button down, pos=(1498,431)
550.7666 	EXP 	slider: markerPos = 4.9925925731658936
550.7833 	EXP 	slider: markerPos = 4.9925925731658936
550.8000 	EXP 	slider: markerPos = 4.9925925731658936
550.8166 	EXP 	slider: markerPos = 4.9925925731658936
550.8333 	EXP 	slider: markerPos = 4.9925925731658936
550.8500 	EXP 	slider: markerPos = 4.9925925731658936
550.8508 	DATA 	Mouse:  Left button up, pos=(1498,431)
550.8666 	EXP 	slider: markerPos = 4.9925925731658936
550.8712 	EXP 	window1: mouseVisible = False
550.8732 	EXP 	New trial (rep=0, index=28): OrderedDict([('t_image', 'stimuli/0028.jpg'), ('t_target', 'targets/tweety.jpg'), ('is_target_present', 0)])
550.9519 	EXP 	eyetracker.clearEvents()
551.4529 	EXP 	eyetracker.setRecordingState(True)
551.4673 	EXP 	slider: autoDraw = False
551.4673 	EXP 	hourglass: autoDraw = False
551.4673 	EXP 	hourglass_2: autoDraw = False
551.4673 	EXP 	hourglass_3: autoDraw = False
551.4673 	EXP 	hourglass_4: autoDraw = False
551.4673 	EXP 	text: autoDraw = False
551.4673 	EXP 	trial_target: image = 'targets/tweety.jpg'
551.4673 	EXP 	trial_target: image = 'targets/scissors.jpg'
551.4833 	EXP 	trial_target: autoDraw = True
552.4833 	EXP 	trial_target: autoDraw = False
552.4833 	EXP 	trial_target: autoDraw = False
552.4833 	EXP 	fixationCross: autoDraw = True
553.9000 	EXP 	fixationCross: autoDraw = False
553.9000 	EXP 	fixationCross: autoDraw = False
553.9000 	EXP 	trial_image: image = 'stimuli/0026.jpg'
553.9000 	EXP 	trial_image: autoDraw = True
560.1213 	EXP 	eyetracker.setRecordingState(False)
560.1223 	DATA 	Keypress: left
560.1333 	EXP 	trial_image: autoDraw = False
560.6180 	EXP 	window1: mouseVisible = True
560.6333 	EXP 	slider: markerPos = None
560.6333 	EXP 	slider: markerPos = None
560.6333 	EXP 	slider: autoDraw = True
560.6333 	EXP 	hourglass: autoDraw = True
561.6167 	EXP 	hourglass_2: autoDraw = True
561.6334 	EXP 	hourglass: autoDraw = False
562.5675 	DATA 	Mouse: Left button down, pos=(1212,431)
562.5833 	EXP 	slider: markerPos = 3.9333333373069763
562.6000 	EXP 	slider: markerPos = 3.9333333373069763
562.6166 	EXP 	hourglass_2: autoDraw = False
562.6166 	EXP 	hourglass_3: autoDraw = True
562.6166 	EXP 	slider: markerPos = 3.9333333373069763
562.6333 	EXP 	slider: markerPos = 3.9333333373069763
562.6500 	EXP 	slider: markerPos = 3.9333333373069763
562.6667 	EXP 	slider: markerPos = 3.9333333373069763
562.6742 	DATA 	Mouse:  Left button up, pos=(1212,431)
562.6834 	EXP 	slider: markerPos = 3.9333333373069763
562.7000 	EXP 	slider: markerPos = 3.9333333373069763
562.7046 	EXP 	window1: mouseVisible = False
562.7066 	EXP 	New trial (rep=0, index=29): OrderedDict([('t_image', 'stimuli/0029.jpg'), ('t_target', 'targets/mouse.jpg'), ('is_target_present', 1)])
562.7874 	EXP 	eyetracker.clearEvents()
563.2886 	EXP 	eyetracker.setRecordingState(True)
563.3004 	EXP 	slider: autoDraw = False
563.3004 	EXP 	hourglass: autoDraw = False
563.3004 	EXP 	hourglass_2: autoDraw = False
563.3004 	EXP 	hourglass_3: autoDraw = False
563.3004 	EXP 	hourglass_4: autoDraw = False
563.3004 	EXP 	text: autoDraw = False
563.3004 	EXP 	trial_target: image = 'targets/mouse.jpg'
563.3004 	EXP 	trial_target: image = 'targets/headphones.jpg'
563.3167 	EXP 	trial_target: autoDraw = True
564.3167 	EXP 	trial_target: autoDraw = False
564.3167 	EXP 	trial_target: autoDraw = False
564.3167 	EXP 	fixationCross: autoDraw = True
565.8000 	EXP 	fixationCross: autoDraw = False
565.8000 	EXP 	fixationCross: autoDraw = False
565.8000 	EXP 	trial_image: image = 'stimuli/0027.jpg'
565.8000 	EXP 	trial_image: autoDraw = True
573.5706 	EXP 	eyetracker.setRecordingState(False)
573.5715 	DATA 	Keypress: left
573.5834 	EXP 	trial_image: autoDraw = False
574.0683 	EXP 	window1: mouseVisible = True
574.1001 	EXP 	slider: markerPos = None
574.1001 	EXP 	slider: markerPos = None
574.1001 	EXP 	slider: autoDraw = True
574.1001 	EXP 	hourglass: autoDraw = True
575.0834 	EXP 	hourglass_2: autoDraw = True
575.1001 	EXP 	hourglass: autoDraw = False
575.9010 	DATA 	Mouse: Left button down, pos=(967,437)
575.9167 	EXP 	slider: markerPos = 3.025925925001502
575.9334 	EXP 	slider: markerPos = 3.025925925001502
575.9501 	EXP 	slider: markerPos = 3.025925925001502
575.9667 	EXP 	slider: markerPos = 3.025925925001502
575.9834 	EXP 	slider: markerPos = 3.025925925001502
576.0001 	EXP 	slider: markerPos = 3.025925925001502
576.0011 	DATA 	Mouse:  Left button up, pos=(967,437)
576.0168 	EXP 	slider: markerPos = 3.025925925001502
576.0214 	EXP 	window1: mouseVisible = False
576.0334 	EXP 	slider: autoDraw = False
576.0334 	EXP 	hourglass: autoDraw = False
576.0334 	EXP 	hourglass_2: autoDraw = False
576.0334 	EXP 	hourglass_3: autoDraw = False
576.0334 	EXP 	hourglass_4: autoDraw = False
576.0334 	EXP 	text: autoDraw = True
602.6674 	DATA 	Mouse: Left button down, pos=(969,415)
602.6756 	EXP 	Created calibrationTarget = ShapeStim(__class__=<class 'psychopy.visual.shape.ShapeStim'>, anchor=('center', 'center'), autoDraw=False, autoLog=True, closeShape=True, color=method-wrapper(...), colorSpace='rgb', contrast=None, depth=0, fillColor=array([0, 0, 0]), fillColorSpace='rgb', fillRGB=array([0, 0, 0]), interpolate=True, lineColor=array([-1., -1., -1.]), lineColorSpace='rgb', lineRGB=array([-1, -1, -1]), lineWidth=2.0, name='calibrationTarget', opacity=1.0, ori=0.0, pos=array([0., 0.]), size=array([0., 0.]), units='height', vertices=ndarray(...), win=Window(...), windingRule=None)
602.6819 	EXP 	Created calibrationTargetInner = ShapeStim(__class__=<class 'psychopy.visual.shape.ShapeStim'>, anchor=('center', 'center'), autoDraw=False, autoLog=True, closeShape=True, color=method-wrapper(...), colorSpace='rgb', contrast=None, depth=0, fillColor=array([-1.        ,  0.00392157, -1.        ]), fillColorSpace='rgb', fillRGB=array([-1.        ,  0.00392157, -1.        ]), interpolate=True, lineColor=array([-1., -1., -1.]), lineColorSpace='rgb', lineRGB=array([-1, -1, -1]), lineWidth=2.0, name='calibrationTargetInner', opacity=1.0, ori=0.0, pos=array([0., 0.]), size=array([0., 0.]), units='height', vertices=ndarray(...), win=Window(...), windingRule=None)
632.2612 	DATA 	Mouse:  Left button up, pos=(969,415)
632.2733 	EXP 	text: autoDraw = False
632.2751 	EXP 	New trial (rep=0, index=30): OrderedDict([('t_image', 'stimuli/0030.jpg'), ('t_target', 'targets/ceramic_cup.jpg'), ('is_target_present', 0)])
632.4482 	EXP 	eyetracker.clearEvents()
632.9499 	EXP 	eyetracker.setRecordingState(True)
633.0065 	EXP 	trial_target: image = 'targets/ceramic_cup.jpg'
633.0065 	EXP 	trial_target: image = 'targets/bicycle.jpg'
633.0338 	EXP 	trial_target: autoDraw = True
634.0337 	EXP 	trial_target: autoDraw = False
634.0337 	EXP 	trial_target: autoDraw = False
634.0337 	EXP 	fixationCross: autoDraw = True
635.2341 	EXP 	fixationCross: autoDraw = False
635.2341 	EXP 	fixationCross: autoDraw = False
635.2341 	EXP 	trial_image: image = 'stimuli/0090.jpg'
635.2341 	EXP 	trial_image: autoDraw = True
638.8205 	EXP 	eyetracker.setRecordingState(False)
638.8214 	DATA 	Keypress: left
638.8337 	EXP 	trial_image: autoDraw = False
639.3185 	EXP 	window1: mouseVisible = True
639.3338 	EXP 	slider: markerPos = None
639.3338 	EXP 	slider: markerPos = None
639.3338 	EXP 	slider: autoDraw = True
639.3338 	EXP 	hourglass: autoDraw = True
640.3171 	EXP 	hourglass_2: autoDraw = True
640.3338 	EXP 	hourglass: autoDraw = False
641.3171 	EXP 	hourglass_2: autoDraw = False
641.3171 	EXP 	hourglass_3: autoDraw = True
641.3180 	DATA 	Mouse: Left button down, pos=(1226,436)
641.3338 	EXP 	slider: markerPos = 3.985185205936432
641.3504 	EXP 	slider: markerPos = 3.985185205936432
641.3671 	EXP 	slider: markerPos = 3.985185205936432
641.3838 	EXP 	slider: markerPos = 3.985185205936432
641.4004 	EXP 	slider: markerPos = 3.985185205936432
641.4171 	EXP 	slider: markerPos = 3.985185205936432
641.4178 	DATA 	Mouse:  Left button up, pos=(1226,436)
641.4338 	EXP 	slider: markerPos = 3.985185205936432
641.4385 	EXP 	window1: mouseVisible = False
641.4405 	EXP 	New trial (rep=0, index=31): OrderedDict([('t_image', 'stimuli/0031.jpg'), ('t_target', 'targets/ceramic_cup.jpg'), ('is_target_present', 1)])
641.6045 	EXP 	eyetracker.clearEvents()
642.1059 	EXP 	eyetracker.setRecordingState(True)
642.1178 	EXP 	slider: autoDraw = False
642.1178 	EXP 	hourglass: autoDraw = False
642.1178 	EXP 	hourglass_2: autoDraw = False
642.1178 	EXP 	hourglass_3: autoDraw = False
642.1178 	EXP 	hourglass_4: autoDraw = False
642.1178 	EXP 	text: autoDraw = False
642.1178 	EXP 	trial_target: image = 'targets/ceramic_cup.jpg'
642.1178 	EXP 	trial_target: image = 'targets/flag.jpg'
642.1338 	EXP 	trial_target: autoDraw = True
643.1338 	EXP 	trial_target: autoDraw = False
643.1338 	EXP 	trial_target: autoDraw = False
643.1338 	EXP 	fixationCross: autoDraw = True
644.4671 	EXP 	fixationCross: autoDraw = False
644.4671 	EXP 	fixationCross: autoDraw = False
644.4671 	EXP 	trial_image: image = 'stimuli/0091.jpg'
644.4671 	EXP 	trial_image: autoDraw = True
651.5548 	EXP 	eyetracker.setRecordingState(False)
651.5558 	DATA 	Keypress: left
651.5671 	EXP 	trial_image: autoDraw = False
652.0519 	EXP 	window1: mouseVisible = True
652.0671 	EXP 	slider: markerPos = None
652.0671 	EXP 	slider: markerPos = None
652.0671 	EXP 	slider: autoDraw = True
652.0671 	EXP 	hourglass: autoDraw = True
653.0505 	EXP 	hourglass_2: autoDraw = True
653.0672 	EXP 	hourglass: autoDraw = False
653.0701 	DATA 	Mouse: Left button down, pos=(1226,436)
653.1005 	EXP 	slider: markerPos = 3.985185205936432
653.1172 	EXP 	slider: markerPos = 3.985185205936432
653.1338 	EXP 	slider: markerPos = 3.985185205936432
653.1505 	EXP 	slider: markerPos = 3.985185205936432
653.1583 	DATA 	Mouse:  Left button up, pos=(1226,436)
653.1672 	EXP 	slider: markerPos = 3.985185205936432
653.1838 	EXP 	slider: markerPos = 3.985185205936432
653.1884 	EXP 	window1: mouseVisible = False
653.1903 	EXP 	New trial (rep=0, index=32): OrderedDict([('t_image', 'stimuli/0032.jpg'), ('t_target', 'targets/speaker.jpg'), ('is_target_present', 0)])
653.2348 	EXP 	eyetracker.clearEvents()
653.7357 	EXP 	eyetracker.setRecordingState(True)
653.7509 	EXP 	slider: autoDraw = False
653.7509 	EXP 	hourglass: autoDraw = False
653.7509 	EXP 	hourglass_2: autoDraw = False
653.7509 	EXP 	hourglass_3: autoDraw = False
653.7509 	EXP 	hourglass_4: autoDraw = False
653.7509 	EXP 	text: autoDraw = False
653.7509 	EXP 	trial_target: image = 'targets/speaker.jpg'
653.7509 	EXP 	trial_target: image = 'targets/clock.jpg'
653.7672 	EXP 	trial_target: autoDraw = True
654.7672 	EXP 	trial_target: autoDraw = False
654.7672 	EXP 	trial_target: autoDraw = False
654.7672 	EXP 	fixationCross: autoDraw = True
657.6189 	EXP 	fixationCross: autoDraw = False
657.6189 	EXP 	fixationCross: autoDraw = False
657.6189 	EXP 	trial_image: image = 'stimuli/0094.jpg'
657.6189 	EXP 	trial_image: autoDraw = True
663.0383 	EXP 	eyetracker.setRecordingState(False)
663.0392 	DATA 	Keypress: left
663.0504 	EXP 	trial_image: autoDraw = False
663.5353 	EXP 	window1: mouseVisible = True
663.5505 	EXP 	slider: markerPos = None
663.5505 	EXP 	slider: markerPos = None
663.5505 	EXP 	slider: autoDraw = True
663.5505 	EXP 	hourglass: autoDraw = True
664.5505 	EXP 	hourglass: autoDraw = False
664.5505 	EXP 	hourglass_2: autoDraw = True
664.7365 	DATA 	Mouse: Left button down, pos=(1226,436)
664.7671 	EXP 	slider: markerPos = 3.985185205936432
664.7838 	EXP 	slider: markerPos = 3.985185205936432
664.8004 	EXP 	slider: markerPos = 3.985185205936432
664.8171 	EXP 	slider: markerPos = 3.985185205936432
664.8182 	DATA 	Mouse:  Left button up, pos=(1226,436)
664.8338 	EXP 	slider: markerPos = 3.985185205936432
664.8385 	EXP 	window1: mouseVisible = False
664.8405 	EXP 	New trial (rep=0, index=33): OrderedDict([('t_image', 'stimuli/0033.jpg'), ('t_target', 'targets/clock.jpg'), ('is_target_present', 1)])
664.8683 	EXP 	eyetracker.clearEvents()
665.3696 	EXP 	eyetracker.setRecordingState(True)
665.3842 	EXP 	slider: autoDraw = False
665.3842 	EXP 	hourglass: autoDraw = False
665.3842 	EXP 	hourglass_2: autoDraw = False
665.3842 	EXP 	hourglass_3: autoDraw = False
665.3842 	EXP 	hourglass_4: autoDraw = False
665.3842 	EXP 	text: autoDraw = False
665.3842 	EXP 	trial_target: image = 'targets/clock.jpg'
665.3842 	EXP 	trial_target: image = 'targets/bicycle.jpg'
665.4005 	EXP 	trial_target: autoDraw = True
666.4006 	EXP 	trial_target: autoDraw = False
666.4006 	EXP 	trial_target: autoDraw = False
666.4006 	EXP 	fixationCross: autoDraw = True
668.5846 	EXP 	fixationCross: autoDraw = False
668.5846 	EXP 	fixationCross: autoDraw = False
668.5846 	EXP 	trial_image: image = 'stimuli/0099.jpg'
668.5846 	EXP 	trial_image: autoDraw = True
673.8217 	EXP 	eyetracker.setRecordingState(False)
673.8227 	DATA 	Keypress: right
673.8337 	EXP 	trial_image: autoDraw = False
674.3183 	EXP 	window1: mouseVisible = True
674.3337 	EXP 	slider: markerPos = None
674.3337 	EXP 	slider: markerPos = None
674.3337 	EXP 	slider: autoDraw = True
674.3337 	EXP 	hourglass: autoDraw = True
675.3170 	EXP 	hourglass_2: autoDraw = True
675.3337 	EXP 	hourglass: autoDraw = False
675.5345 	DATA 	Mouse: Left button down, pos=(1481,433)
675.5503 	EXP 	slider: markerPos = 4.929629683494568
675.5670 	EXP 	slider: markerPos = 4.929629683494568
675.5837 	EXP 	slider: markerPos = 4.929629683494568
675.6003 	EXP 	slider: markerPos = 4.929629683494568
675.6170 	EXP 	slider: markerPos = 4.929629683494568
675.6337 	EXP 	slider: markerPos = 4.929629683494568
675.6504 	EXP 	slider: markerPos = 4.929629683494568
675.6670 	EXP 	slider: markerPos = 4.929629683494568
675.6746 	DATA 	Mouse:  Left button up, pos=(1481,433)
675.6837 	EXP 	slider: markerPos = 4.929629683494568
675.7004 	EXP 	slider: markerPos = 4.929629683494568
675.7050 	EXP 	window1: mouseVisible = False
675.7070 	EXP 	New trial (rep=0, index=34): OrderedDict([('t_image', 'stimuli/0034.jpg'), ('t_target', 'targets/fork.jpg'), ('is_target_present', 0)])
675.8226 	EXP 	eyetracker.clearEvents()
676.3244 	EXP 	eyetracker.setRecordingState(True)
676.3340 	EXP 	slider: autoDraw = False
676.3340 	EXP 	hourglass: autoDraw = False
676.3340 	EXP 	hourglass_2: autoDraw = False
676.3340 	EXP 	hourglass_3: autoDraw = False
676.3340 	EXP 	hourglass_4: autoDraw = False
676.3340 	EXP 	text: autoDraw = False
676.3340 	EXP 	trial_target: image = 'targets/fork.jpg'
676.3340 	EXP 	trial_target: image = 'targets/ring.jpg'
676.3504 	EXP 	trial_target: autoDraw = True
677.3504 	EXP 	trial_target: autoDraw = False
677.3504 	EXP 	trial_target: autoDraw = False
677.3504 	EXP 	fixationCross: autoDraw = True
679.6007 	EXP 	fixationCross: autoDraw = False
679.6007 	EXP 	fixationCross: autoDraw = False
679.6007 	EXP 	trial_image: image = 'stimuli/0095.jpg'
679.6007 	EXP 	trial_image: autoDraw = True
685.2711 	EXP 	eyetracker.setRecordingState(False)
685.2769 	DATA 	Keypress: right
685.2837 	EXP 	trial_image: autoDraw = False
685.7683 	EXP 	window1: mouseVisible = True
685.7837 	EXP 	slider: markerPos = None
685.7837 	EXP 	slider: markerPos = None
685.7837 	EXP 	slider: autoDraw = True
685.7837 	EXP 	hourglass: autoDraw = True
686.4017 	DATA 	Mouse: Left button down, pos=(1481,433)
686.4171 	EXP 	slider: markerPos = 4.929629683494568
686.4338 	EXP 	slider: markerPos = 4.929629683494568
686.4504 	EXP 	slider: markerPos = 4.929629683494568
686.4671 	EXP 	slider: markerPos = 4.929629683494568
686.4837 	EXP 	slider: markerPos = 4.929629683494568
686.5004 	EXP 	slider: markerPos = 4.929629683494568
686.5171 	EXP 	slider: markerPos = 4.929629683494568
686.5179 	DATA 	Mouse:  Left button up, pos=(1481,433)
686.5338 	EXP 	slider: markerPos = 4.929629683494568
686.5384 	EXP 	window1: mouseVisible = False
686.5403 	EXP 	New trial (rep=0, index=35): OrderedDict([('t_image', 'stimuli/0035.jpg'), ('t_target', 'targets/shoe.jpg'), ('is_target_present', 1)])
686.7762 	EXP 	eyetracker.clearEvents()
687.2778 	EXP 	eyetracker.setRecordingState(True)
687.2843 	EXP 	slider: autoDraw = False
687.2843 	EXP 	hourglass: autoDraw = False
687.2843 	EXP 	hourglass_2: autoDraw = False
687.2843 	EXP 	hourglass_3: autoDraw = False
687.2843 	EXP 	hourglass_4: autoDraw = False
687.2843 	EXP 	text: autoDraw = False
687.2843 	EXP 	trial_target: image = 'targets/shoe.jpg'
687.2843 	EXP 	trial_target: image = 'targets/brush.jpg'
687.3005 	EXP 	trial_target: autoDraw = True
688.3004 	EXP 	trial_target: autoDraw = False
688.3004 	EXP 	trial_target: autoDraw = False
688.3004 	EXP 	fixationCross: autoDraw = True
690.2508 	EXP 	fixationCross: autoDraw = False
690.2508 	EXP 	fixationCross: autoDraw = False
690.2508 	EXP 	trial_image: image = 'stimuli/0092.jpg'
690.2508 	EXP 	trial_image: autoDraw = True
697.0541 	DATA 	Keypress: left
697.5715 	EXP 	eyetracker.setRecordingState(False)
697.5838 	EXP 	trial_image: autoDraw = False
698.0683 	EXP 	window1: mouseVisible = True
698.0838 	EXP 	slider: markerPos = None
698.0838 	EXP 	slider: markerPos = None
698.0838 	EXP 	slider: autoDraw = True
698.0838 	EXP 	hourglass: autoDraw = True
699.0673 	EXP 	hourglass_2: autoDraw = True
699.0839 	EXP 	hourglass: autoDraw = False
700.0672 	EXP 	hourglass_2: autoDraw = False
700.0672 	EXP 	hourglass_3: autoDraw = True
700.0849 	DATA 	Mouse: Left button down, pos=(1238,434)
700.1005 	EXP 	slider: markerPos = 4.029629588127136
700.1171 	EXP 	slider: markerPos = 4.029629588127136
700.1338 	EXP 	slider: markerPos = 4.029629588127136
700.1505 	EXP 	slider: markerPos = 4.029629588127136
700.1672 	EXP 	slider: markerPos = 4.029629588127136
700.1838 	EXP 	slider: markerPos = 4.029629588127136
700.2005 	EXP 	slider: markerPos = 4.029629588127136
700.2013 	DATA 	Mouse:  Left button up, pos=(1238,434)
700.2172 	EXP 	slider: markerPos = 4.029629588127136
700.2218 	EXP 	window1: mouseVisible = False
700.2237 	EXP 	New trial (rep=0, index=36): OrderedDict([('t_image', 'stimuli/0036.jpg'), ('t_target', 'targets/fan.jpg'), ('is_target_present', 0)])
700.3076 	EXP 	eyetracker.clearEvents()
700.8088 	EXP 	eyetracker.setRecordingState(True)
700.8175 	EXP 	slider: autoDraw = False
700.8175 	EXP 	hourglass: autoDraw = False
700.8175 	EXP 	hourglass_2: autoDraw = False
700.8175 	EXP 	hourglass_3: autoDraw = False
700.8175 	EXP 	hourglass_4: autoDraw = False
700.8175 	EXP 	text: autoDraw = False
700.8175 	EXP 	trial_target: image = 'targets/fan.jpg'
700.8175 	EXP 	trial_target: image = 'targets/bicycle.jpg'
700.8339 	EXP 	trial_target: autoDraw = True
701.8338 	EXP 	trial_target: autoDraw = False
701.8338 	EXP 	trial_target: autoDraw = False
701.8338 	EXP 	fixationCross: autoDraw = True
703.4675 	EXP 	fixationCross: autoDraw = False
703.4675 	EXP 	fixationCross: autoDraw = False
703.4675 	EXP 	trial_image: image = 'stimuli/0098.jpg'
703.4675 	EXP 	trial_image: autoDraw = True
707.9550 	EXP 	eyetracker.setRecordingState(False)
707.9560 	DATA 	Keypress: right
707.9672 	EXP 	trial_image: autoDraw = False
708.4518 	EXP 	window1: mouseVisible = True
708.4672 	EXP 	slider: markerPos = None
708.4672 	EXP 	slider: markerPos = None
708.4672 	EXP 	slider: autoDraw = True
708.4672 	EXP 	hourglass: autoDraw = True
709.4506 	EXP 	hourglass_2: autoDraw = True
709.4672 	EXP 	hourglass: autoDraw = False
710.4506 	EXP 	hourglass_2: autoDraw = False
710.4506 	EXP 	hourglass_3: autoDraw = True
710.8681 	DATA 	Mouse: Left button down, pos=(952,446)
710.8839 	EXP 	slider: markerPos = 2.9703703708946705
710.9005 	EXP 	slider: markerPos = 2.9703703708946705
710.9172 	EXP 	slider: markerPos = 2.9703703708946705
710.9339 	EXP 	slider: markerPos = 2.9703703708946705
710.9506 	EXP 	slider: markerPos = 2.9703703708946705
710.9673 	EXP 	slider: markerPos = 2.9703703708946705
710.9680 	DATA 	Mouse:  Left button up, pos=(952,446)
710.9839 	EXP 	slider: markerPos = 2.9703703708946705
710.9886 	EXP 	window1: mouseVisible = False
710.9906 	EXP 	New trial (rep=0, index=37): OrderedDict([('t_image', 'stimuli/0037.jpg'), ('t_target', 'targets/spoon.jpg'), ('is_target_present', 1)])
711.2052 	EXP 	eyetracker.clearEvents()
711.7067 	EXP 	eyetracker.setRecordingState(True)
711.7177 	EXP 	slider: autoDraw = False
711.7177 	EXP 	hourglass: autoDraw = False
711.7177 	EXP 	hourglass_2: autoDraw = False
711.7177 	EXP 	hourglass_3: autoDraw = False
711.7177 	EXP 	hourglass_4: autoDraw = False
711.7177 	EXP 	text: autoDraw = False
711.7177 	EXP 	trial_target: image = 'targets/spoon.jpg'
711.7177 	EXP 	trial_target: image = 'targets/spatula.jpg'
711.7339 	EXP 	trial_target: autoDraw = True
712.7339 	EXP 	trial_target: autoDraw = False
712.7339 	EXP 	trial_target: autoDraw = False
712.7339 	EXP 	fixationCross: autoDraw = True
714.6180 	EXP 	fixationCross: autoDraw = False
714.6180 	EXP 	fixationCross: autoDraw = False
714.6180 	EXP 	trial_image: image = 'stimuli/0096.jpg'
714.6180 	EXP 	trial_image: autoDraw = True
723.1388 	EXP 	eyetracker.setRecordingState(False)
723.1397 	DATA 	Keypress: left
723.1508 	EXP 	trial_image: autoDraw = False
723.6355 	EXP 	window1: mouseVisible = True
723.6508 	EXP 	slider: markerPos = None
723.6508 	EXP 	slider: markerPos = None
723.6508 	EXP 	slider: autoDraw = True
723.6508 	EXP 	hourglass: autoDraw = True
724.6342 	EXP 	hourglass_2: autoDraw = True
724.6508 	EXP 	hourglass: autoDraw = False
725.5539 	DATA 	Mouse: Left button down, pos=(1228,430)
725.5842 	EXP 	slider: markerPos = 3.9925925731658936
725.6008 	EXP 	slider: markerPos = 3.9925925731658936
725.6175 	EXP 	slider: markerPos = 3.9925925731658936
725.6184 	DATA 	Mouse:  Left button up, pos=(1228,430)
725.6342 	EXP 	hourglass_2: autoDraw = False
725.6342 	EXP 	hourglass_3: autoDraw = True
725.6342 	EXP 	slider: markerPos = 3.9925925731658936
725.6389 	EXP 	window1: mouseVisible = False
725.6408 	EXP 	New trial (rep=0, index=38): OrderedDict([('t_image', 'stimuli/0038.jpg'), ('t_target', 'targets/glue.jpg'), ('is_target_present', 0)])
725.7508 	EXP 	eyetracker.clearEvents()
726.2527 	EXP 	eyetracker.setRecordingState(True)
726.2682 	EXP 	slider: autoDraw = False
726.2682 	EXP 	hourglass: autoDraw = False
726.2682 	EXP 	hourglass_2: autoDraw = False
726.2682 	EXP 	hourglass_3: autoDraw = False
726.2682 	EXP 	hourglass_4: autoDraw = False
726.2682 	EXP 	text: autoDraw = False
726.2682 	EXP 	trial_target: image = 'targets/glue.jpg'
726.2682 	EXP 	trial_target: image = 'targets/scissors.jpg'
726.2843 	EXP 	trial_target: autoDraw = True
727.2843 	EXP 	trial_target: autoDraw = False
727.2843 	EXP 	trial_target: autoDraw = False
727.2843 	EXP 	fixationCross: autoDraw = True
729.8024 	EXP 	fixationCross: autoDraw = False
729.8024 	EXP 	fixationCross: autoDraw = False
729.8024 	EXP 	trial_image: image = 'stimuli/0097.jpg'
729.8024 	EXP 	trial_image: autoDraw = True
737.2539 	DATA 	Keypress: right
737.7718 	EXP 	eyetracker.setRecordingState(False)
737.7842 	EXP 	trial_image: autoDraw = False
738.2688 	EXP 	window1: mouseVisible = True
738.2842 	EXP 	slider: markerPos = None
738.2842 	EXP 	slider: markerPos = None
738.2842 	EXP 	slider: autoDraw = True
738.2842 	EXP 	hourglass: autoDraw = True
739.2676 	EXP 	hourglass_2: autoDraw = True
739.2842 	EXP 	hourglass: autoDraw = False
739.4685 	DATA 	Mouse: Left button down, pos=(1484,439)
739.4842 	EXP 	slider: markerPos = 4.940740704536438
739.5009 	EXP 	slider: markerPos = 4.940740704536438
739.5178 	EXP 	slider: markerPos = 4.940740704536438
739.5342 	EXP 	slider: markerPos = 4.940740704536438
739.5509 	EXP 	slider: markerPos = 4.940740704536438
739.5584 	DATA 	Mouse:  Left button up, pos=(1484,439)
739.5675 	EXP 	slider: markerPos = 4.940740704536438
739.5842 	EXP 	slider: markerPos = 4.940740704536438
739.5887 	EXP 	window1: mouseVisible = False
739.5906 	EXP 	New trial (rep=0, index=39): OrderedDict([('t_image', 'stimuli/0039.jpg'), ('t_target', 'targets/tape.jpg'), ('is_target_present', 1)])
739.7445 	EXP 	eyetracker.clearEvents()
740.2456 	EXP 	eyetracker.setRecordingState(True)
740.2514 	EXP 	slider: autoDraw = False
740.2514 	EXP 	hourglass: autoDraw = False
740.2514 	EXP 	hourglass_2: autoDraw = False
740.2514 	EXP 	hourglass_3: autoDraw = False
740.2514 	EXP 	hourglass_4: autoDraw = False
740.2514 	EXP 	text: autoDraw = False
740.2514 	EXP 	trial_target: image = 'targets/tape.jpg'
740.2514 	EXP 	trial_target: image = 'targets/newspaper.jpg'
740.2675 	EXP 	trial_target: autoDraw = True
741.2676 	EXP 	trial_target: autoDraw = False
741.2676 	EXP 	trial_target: autoDraw = False
741.2676 	EXP 	fixationCross: autoDraw = True
742.8846 	EXP 	fixationCross: autoDraw = False
742.8846 	EXP 	fixationCross: autoDraw = False
742.8846 	EXP 	trial_image: image = 'stimuli/0093.jpg'
742.8846 	EXP 	trial_image: autoDraw = True
748.0389 	EXP 	eyetracker.setRecordingState(False)
748.0398 	DATA 	Keypress: right
748.0509 	EXP 	trial_image: autoDraw = False
748.5356 	EXP 	window1: mouseVisible = True
748.5509 	EXP 	slider: markerPos = None
748.5509 	EXP 	slider: markerPos = None
748.5509 	EXP 	slider: autoDraw = True
748.5509 	EXP 	hourglass: autoDraw = True
749.5343 	EXP 	hourglass_2: autoDraw = True
749.5510 	EXP 	hourglass: autoDraw = False
749.9185 	DATA 	Mouse: Left button down, pos=(1497,434)
749.9343 	EXP 	slider: markerPos = 4.98888885974884
749.9509 	EXP 	slider: markerPos = 4.98888885974884
749.9676 	EXP 	slider: markerPos = 4.98888885974884
749.9843 	EXP 	slider: markerPos = 4.98888885974884
749.9853 	DATA 	Mouse:  Left button up, pos=(1497,434)
750.0010 	EXP 	slider: markerPos = 4.98888885974884
750.0057 	EXP 	window1: mouseVisible = False
750.0176 	EXP 	slider: autoDraw = False
750.0176 	EXP 	hourglass: autoDraw = False
750.0176 	EXP 	hourglass_2: autoDraw = False
750.0176 	EXP 	hourglass_3: autoDraw = False
750.0176 	EXP 	hourglass_4: autoDraw = False
750.0176 	EXP 	text: autoDraw = True
774.6207 	DATA 	Mouse: Left button down, pos=(1497,434)
774.6429 	EXP 	Created calibrationTarget = ShapeStim(__class__=<class 'psychopy.visual.shape.ShapeStim'>, anchor=('center', 'center'), autoDraw=False, autoLog=True, closeShape=True, color=method-wrapper(...), colorSpace='rgb', contrast=None, depth=0, fillColor=array([0, 0, 0]), fillColorSpace='rgb', fillRGB=array([0, 0, 0]), interpolate=True, lineColor=array([-1., -1., -1.]), lineColorSpace='rgb', lineRGB=array([-1, -1, -1]), lineWidth=2.0, name='calibrationTarget', opacity=1.0, ori=0.0, pos=array([0., 0.]), size=array([0., 0.]), units='height', vertices=ndarray(...), win=Window(...), windingRule=None)
774.6493 	EXP 	Created calibrationTargetInner = ShapeStim(__class__=<class 'psychopy.visual.shape.ShapeStim'>, anchor=('center', 'center'), autoDraw=False, autoLog=True, closeShape=True, color=method-wrapper(...), colorSpace='rgb', contrast=None, depth=0, fillColor=array([-1.        ,  0.00392157, -1.        ]), fillColorSpace='rgb', fillRGB=array([-1.        ,  0.00392157, -1.        ]), interpolate=True, lineColor=array([-1., -1., -1.]), lineColorSpace='rgb', lineRGB=array([-1, -1, -1]), lineWidth=2.0, name='calibrationTargetInner', opacity=1.0, ori=0.0, pos=array([0., 0.]), size=array([0., 0.]), units='height', vertices=ndarray(...), win=Window(...), windingRule=None)
800.1133 	DATA 	Mouse:  Left button up, pos=(1497,434)
800.1274 	EXP 	text: autoDraw = False
800.1286 	EXP 	New trial (rep=0, index=40): OrderedDict([('t_image', 'stimuli/0040.jpg'), ('t_target', 'targets/scissors.jpg'), ('is_target_present', 0)])
800.3372 	EXP 	eyetracker.clearEvents()
800.8384 	EXP 	eyetracker.setRecordingState(True)
800.8927 	EXP 	trial_target: image = 'targets/scissors.jpg'
800.8927 	EXP 	trial_target: image = 'targets/bell.jpg'
800.9181 	EXP 	trial_target: autoDraw = True
801.9181 	EXP 	trial_target: autoDraw = False
801.9181 	EXP 	trial_target: autoDraw = False
801.9181 	EXP 	fixationCross: autoDraw = True
805.2535 	EXP 	fixationCross: autoDraw = False
805.2535 	EXP 	fixationCross: autoDraw = False
805.2535 	EXP 	trial_image: image = 'stimuli/0055.jpg'
805.2535 	EXP 	trial_image: autoDraw = True
809.4553 	EXP 	eyetracker.setRecordingState(False)
809.4562 	DATA 	Keypress: right
809.4678 	EXP 	trial_image: autoDraw = False
809.9526 	EXP 	window1: mouseVisible = True
809.9678 	EXP 	slider: markerPos = None
809.9678 	EXP 	slider: markerPos = None
809.9678 	EXP 	slider: autoDraw = True
809.9678 	EXP 	hourglass: autoDraw = True
810.9512 	EXP 	hourglass_2: autoDraw = True
810.9679 	EXP 	hourglass: autoDraw = False
811.7187 	DATA 	Mouse: Left button down, pos=(1496,444)
811.7345 	EXP 	slider: markerPos = 4.985185146331787
811.7512 	EXP 	slider: markerPos = 4.985185146331787
811.7678 	EXP 	slider: markerPos = 4.985185146331787
811.7845 	EXP 	slider: markerPos = 4.985185146331787
811.8012 	EXP 	slider: markerPos = 4.985185146331787
811.8178 	EXP 	slider: markerPos = 4.985185146331787
811.8252 	DATA 	Mouse:  Left button up, pos=(1496,444)
811.8345 	EXP 	slider: markerPos = 4.985185146331787
811.8512 	EXP 	slider: markerPos = 4.985185146331787
811.8558 	EXP 	window1: mouseVisible = False
811.8578 	EXP 	New trial (rep=0, index=41): OrderedDict([('t_image', 'stimuli/0041.jpg'), ('t_target', 'targets/rubik_cube.jpg'), ('is_target_present', 1)])
811.9827 	EXP 	eyetracker.clearEvents()
812.4842 	EXP 	eyetracker.setRecordingState(True)
812.5018 	EXP 	slider: autoDraw = False
812.5018 	EXP 	hourglass: autoDraw = False
812.5018 	EXP 	hourglass_2: autoDraw = False
812.5018 	EXP 	hourglass_3: autoDraw = False
812.5018 	EXP 	hourglass_4: autoDraw = False
812.5018 	EXP 	text: autoDraw = False
812.5018 	EXP 	trial_target: image = 'targets/rubik_cube.jpg'
812.5018 	EXP 	trial_target: image = 'targets/fan.jpg'
812.5179 	EXP 	trial_target: autoDraw = True
813.5178 	EXP 	trial_target: autoDraw = False
813.5178 	EXP 	trial_target: autoDraw = False
813.5178 	EXP 	fixationCross: autoDraw = True
815.5012 	EXP 	fixationCross: autoDraw = False
815.5012 	EXP 	fixationCross: autoDraw = False
815.5012 	EXP 	trial_image: image = 'stimuli/0053.jpg'
815.5012 	EXP 	trial_image: autoDraw = True
827.2373 	EXP 	eyetracker.setRecordingState(False)
827.2383 	DATA 	Keypress: left
827.2514 	EXP 	trial_image: autoDraw = False
827.7361 	EXP 	window1: mouseVisible = True
827.7514 	EXP 	slider: markerPos = None
827.7514 	EXP 	slider: markerPos = None
827.7514 	EXP 	slider: autoDraw = True
827.7514 	EXP 	hourglass: autoDraw = True
828.7348 	EXP 	hourglass_2: autoDraw = True
828.7514 	EXP 	hourglass: autoDraw = False
829.6358 	DATA 	Mouse: Left button down, pos=(1223,427)
829.6515 	EXP 	slider: markerPos = 3.974074065685272
829.6682 	EXP 	slider: markerPos = 3.974074065685272
829.6849 	EXP 	slider: markerPos = 3.974074065685272
829.7016 	EXP 	slider: markerPos = 3.974074065685272
829.7183 	EXP 	slider: markerPos = 3.974074065685272
829.7260 	DATA 	Mouse:  Left button up, pos=(1223,427)
829.7349 	EXP 	hourglass_2: autoDraw = False
829.7349 	EXP 	hourglass_3: autoDraw = True
829.7349 	EXP 	slider: markerPos = 3.974074065685272
829.7515 	EXP 	slider: markerPos = 3.974074065685272
829.7561 	EXP 	window1: mouseVisible = False
829.7580 	EXP 	New trial (rep=0, index=42): OrderedDict([('t_image', 'stimuli/0042.jpg'), ('t_target', 'targets/cd.jpg'), ('is_target_present', 0)])
829.9524 	EXP 	eyetracker.clearEvents()
830.4538 	EXP 	eyetracker.setRecordingState(True)
830.4689 	EXP 	slider: autoDraw = False
830.4689 	EXP 	hourglass: autoDraw = False
830.4689 	EXP 	hourglass_2: autoDraw = False
830.4689 	EXP 	hourglass_3: autoDraw = False
830.4689 	EXP 	hourglass_4: autoDraw = False
830.4689 	EXP 	text: autoDraw = False
830.4689 	EXP 	trial_target: image = 'targets/cd.jpg'
830.4689 	EXP 	trial_target: image = 'targets/glasses.jpg'
830.4849 	EXP 	trial_target: autoDraw = True
831.4849 	EXP 	trial_target: autoDraw = False
831.4849 	EXP 	trial_target: autoDraw = False
831.4849 	EXP 	fixationCross: autoDraw = True
833.5536 	EXP 	fixationCross: autoDraw = False
833.5536 	EXP 	fixationCross: autoDraw = False
833.5536 	EXP 	trial_image: image = 'stimuli/0059.jpg'
833.5536 	EXP 	trial_image: autoDraw = True
843.5728 	EXP 	eyetracker.setRecordingState(False)
843.5738 	DATA 	Keypress: left
843.5850 	EXP 	trial_image: autoDraw = False
844.0696 	EXP 	window1: mouseVisible = True
844.0850 	EXP 	slider: markerPos = None
844.0850 	EXP 	slider: markerPos = None
844.0850 	EXP 	slider: autoDraw = True
844.0850 	EXP 	hourglass: autoDraw = True
845.0683 	EXP 	hourglass_2: autoDraw = True
845.0850 	EXP 	hourglass: autoDraw = False
846.0683 	EXP 	hourglass_2: autoDraw = False
846.0683 	EXP 	hourglass_3: autoDraw = True
846.7203 	DATA 	Mouse: Left button down, pos=(1232,434)
846.7350 	EXP 	slider: markerPos = 4.0074074268341064
846.7517 	EXP 	slider: markerPos = 4.0
846.7683 	EXP 	slider: markerPos = 3.9925925731658936
846.7850 	EXP 	slider: markerPos = 3.9888888597488403
846.8017 	EXP 	slider: markerPos = 3.9888888597488403
846.8183 	EXP 	slider: markerPos = 3.9888888597488403
846.8350 	EXP 	slider: markerPos = 3.9888888597488403
846.8360 	DATA 	Mouse:  Left button up, pos=(1227,434)
846.8517 	EXP 	slider: markerPos = 3.9888888597488403
846.8564 	EXP 	window1: mouseVisible = False
846.8585 	EXP 	New trial (rep=0, index=43): OrderedDict([('t_image', 'stimuli/0043.jpg'), ('t_target', 'targets/a_glass.jpg'), ('is_target_present', 1)])
846.9695 	EXP 	eyetracker.clearEvents()
847.4710 	EXP 	eyetracker.setRecordingState(True)
847.4856 	EXP 	slider: autoDraw = False
847.4856 	EXP 	hourglass: autoDraw = False
847.4856 	EXP 	hourglass_2: autoDraw = False
847.4856 	EXP 	hourglass_3: autoDraw = False
847.4856 	EXP 	hourglass_4: autoDraw = False
847.4856 	EXP 	text: autoDraw = False
847.4856 	EXP 	trial_target: image = 'targets/a_glass.jpg'
847.4856 	EXP 	trial_target: image = 'targets/copper_wire.jpg'
847.5017 	EXP 	trial_target: autoDraw = True
848.5017 	EXP 	trial_target: autoDraw = False
848.5017 	EXP 	trial_target: autoDraw = False
848.5017 	EXP 	fixationCross: autoDraw = True
850.8699 	EXP 	fixationCross: autoDraw = False
850.8699 	EXP 	fixationCross: autoDraw = False
850.8699 	EXP 	trial_image: image = 'stimuli/0054.jpg'
850.8699 	EXP 	trial_image: autoDraw = True
853.2899 	EXP 	eyetracker.setRecordingState(False)
853.2908 	DATA 	Keypress: right
853.3014 	EXP 	trial_image: autoDraw = False
853.7860 	EXP 	window1: mouseVisible = True
853.8014 	EXP 	slider: markerPos = None
853.8014 	EXP 	slider: markerPos = None
853.8014 	EXP 	slider: autoDraw = True
853.8014 	EXP 	hourglass: autoDraw = True
854.7848 	EXP 	hourglass_2: autoDraw = True
854.8015 	EXP 	hourglass: autoDraw = False
855.2358 	DATA 	Mouse: Left button down, pos=(1491,436)
855.2514 	EXP 	slider: markerPos = 4.9666666984558105
855.2681 	EXP 	slider: markerPos = 4.9666666984558105
855.2848 	EXP 	slider: markerPos = 4.9666666984558105
855.3014 	EXP 	slider: markerPos = 4.9666666984558105
855.3181 	EXP 	slider: markerPos = 4.9666666984558105
855.3348 	EXP 	slider: markerPos = 4.9666666984558105
855.3515 	EXP 	slider: markerPos = 4.9666666984558105
855.3522 	DATA 	Mouse:  Left button up, pos=(1491,436)
855.3681 	EXP 	slider: markerPos = 4.9666666984558105
855.3727 	EXP 	window1: mouseVisible = False
855.3747 	EXP 	New trial (rep=0, index=44): OrderedDict([('t_image', 'stimuli/0044.jpg'), ('t_target', 'targets/headphones.jpg'), ('is_target_present', 0)])
855.5028 	EXP 	eyetracker.clearEvents()
856.0042 	EXP 	eyetracker.setRecordingState(True)
856.0187 	EXP 	slider: autoDraw = False
856.0187 	EXP 	hourglass: autoDraw = False
856.0187 	EXP 	hourglass_2: autoDraw = False
856.0187 	EXP 	hourglass_3: autoDraw = False
856.0187 	EXP 	hourglass_4: autoDraw = False
856.0187 	EXP 	text: autoDraw = False
856.0187 	EXP 	trial_target: image = 'targets/headphones.jpg'
856.0187 	EXP 	trial_target: image = 'targets/glasses.jpg'
856.0348 	EXP 	trial_target: autoDraw = True
857.0348 	EXP 	trial_target: autoDraw = False
857.0348 	EXP 	trial_target: autoDraw = False
857.0348 	EXP 	fixationCross: autoDraw = True
858.9351 	EXP 	fixationCross: autoDraw = False
858.9351 	EXP 	fixationCross: autoDraw = False
858.9351 	EXP 	trial_image: image = 'stimuli/0058.jpg'
858.9351 	EXP 	trial_image: autoDraw = True
870.7003 	EXP 	eyetracker.setRecordingState(False)
870.7013 	DATA 	Keypress: left
870.7182 	EXP 	trial_image: autoDraw = False
871.2028 	EXP 	window1: mouseVisible = True
871.2349 	EXP 	slider: markerPos = None
871.2349 	EXP 	slider: markerPos = None
871.2349 	EXP 	slider: autoDraw = True
871.2349 	EXP 	hourglass: autoDraw = True
872.2015 	EXP 	hourglass_2: autoDraw = True
872.2349 	EXP 	hourglass: autoDraw = False
873.2015 	EXP 	hourglass_2: autoDraw = False
873.2015 	EXP 	hourglass_3: autoDraw = True
873.6357 	DATA 	Mouse: Left button down, pos=(1226,442)
873.6515 	EXP 	slider: markerPos = 3.985185205936432
873.6682 	EXP 	slider: markerPos = 3.985185205936432
873.6849 	EXP 	slider: markerPos = 3.985185205936432
873.7015 	EXP 	slider: markerPos = 3.985185205936432
873.7182 	EXP 	slider: markerPos = 3.985185205936432
873.7190 	DATA 	Mouse:  Left button up, pos=(1226,442)
873.7349 	EXP 	slider: markerPos = 3.985185205936432
873.7395 	EXP 	window1: mouseVisible = False
873.7414 	EXP 	New trial (rep=0, index=45): OrderedDict([('t_image', 'stimuli/0045.jpg'), ('t_target', 'targets/iron.jpg'), ('is_target_present', 1)])
873.8509 	EXP 	eyetracker.clearEvents()
874.3517 	EXP 	eyetracker.setRecordingState(True)
874.3687 	EXP 	slider: autoDraw = False
874.3687 	EXP 	hourglass: autoDraw = False
874.3687 	EXP 	hourglass_2: autoDraw = False
874.3687 	EXP 	hourglass_3: autoDraw = False
874.3687 	EXP 	hourglass_4: autoDraw = False
874.3687 	EXP 	text: autoDraw = False
874.3687 	EXP 	trial_target: image = 'targets/iron.jpg'
874.3687 	EXP 	trial_target: image = 'targets/measuring_tape.jpg'
874.3849 	EXP 	trial_target: autoDraw = True
875.3849 	EXP 	trial_target: autoDraw = False
875.3849 	EXP 	trial_target: autoDraw = False
875.3849 	EXP 	fixationCross: autoDraw = True
876.5686 	EXP 	fixationCross: autoDraw = False
876.5686 	EXP 	fixationCross: autoDraw = False
876.5686 	EXP 	trial_image: image = 'stimuli/0051.jpg'
876.5686 	EXP 	trial_image: autoDraw = True
878.9561 	EXP 	eyetracker.setRecordingState(False)
878.9571 	DATA 	Keypress: right
878.9684 	EXP 	trial_image: autoDraw = False
879.4529 	EXP 	window1: mouseVisible = True
879.4684 	EXP 	slider: markerPos = None
879.4684 	EXP 	slider: markerPos = None
879.4684 	EXP 	slider: autoDraw = True
879.4684 	EXP 	hourglass: autoDraw = True
880.4518 	EXP 	hourglass_2: autoDraw = True
880.4685 	EXP 	hourglass: autoDraw = False
881.1367 	DATA 	Mouse: Left button down, pos=(1501,441)
881.1518 	EXP 	slider: markerPos = 5.003703594207764
881.1685 	EXP 	slider: markerPos = 4.996296286582947
881.1851 	EXP 	slider: markerPos = 4.996296286582947
881.2018 	EXP 	slider: markerPos = 4.996296286582947
881.2185 	EXP 	slider: markerPos = 4.996296286582947
881.2351 	EXP 	slider: markerPos = 4.996296286582947
881.2518 	EXP 	slider: markerPos = 4.996296286582947
881.2528 	DATA 	Mouse:  Left button up, pos=(1499,440)
881.2685 	EXP 	slider: markerPos = 4.996296286582947
881.2731 	EXP 	window1: mouseVisible = False
881.2751 	EXP 	New trial (rep=0, index=46): OrderedDict([('t_image', 'stimuli/0046.jpg'), ('t_target', 'targets/can.jpg'), ('is_target_present', 0)])
881.3152 	EXP 	eyetracker.clearEvents()
881.8169 	EXP 	eyetracker.setRecordingState(True)
881.8355 	EXP 	slider: autoDraw = False
881.8355 	EXP 	hourglass: autoDraw = False
881.8355 	EXP 	hourglass_2: autoDraw = False
881.8355 	EXP 	hourglass_3: autoDraw = False
881.8355 	EXP 	hourglass_4: autoDraw = False
881.8355 	EXP 	text: autoDraw = False
881.8355 	EXP 	trial_target: image = 'targets/can.jpg'
881.8355 	EXP 	trial_target: image = 'targets/measuring_tape.jpg'
881.8518 	EXP 	trial_target: autoDraw = True
882.8519 	EXP 	trial_target: autoDraw = False
882.8519 	EXP 	trial_target: autoDraw = False
882.8519 	EXP 	fixationCross: autoDraw = True
884.2856 	EXP 	fixationCross: autoDraw = False
884.2856 	EXP 	fixationCross: autoDraw = False
884.2856 	EXP 	trial_image: image = 'stimuli/0050.jpg'
884.2856 	EXP 	trial_image: autoDraw = True
896.4541 	EXP 	eyetracker.setRecordingState(False)
896.4551 	DATA 	Keypress: left
896.4686 	EXP 	trial_image: autoDraw = False
896.9534 	EXP 	window1: mouseVisible = True
896.9686 	EXP 	slider: markerPos = None
896.9686 	EXP 	slider: markerPos = None
896.9686 	EXP 	slider: autoDraw = True
896.9686 	EXP 	hourglass: autoDraw = True
897.9520 	EXP 	hourglass_2: autoDraw = True
897.9687 	EXP 	hourglass: autoDraw = False
898.7201 	DATA 	Mouse: Left button down, pos=(1227,446)
898.7353 	EXP 	slider: markerPos = 3.9888888597488403
898.7520 	EXP 	slider: markerPos = 3.9888888597488403
898.7686 	EXP 	slider: markerPos = 3.9888888597488403
898.7853 	EXP 	slider: markerPos = 3.9888888597488403
898.8020 	EXP 	slider: markerPos = 3.9888888597488403
898.8186 	EXP 	slider: markerPos = 3.9888888597488403
898.8196 	DATA 	Mouse:  Left button up, pos=(1227,446)
898.8353 	EXP 	slider: markerPos = 3.9888888597488403
898.8399 	EXP 	window1: mouseVisible = False
898.8420 	EXP 	New trial (rep=0, index=47): OrderedDict([('t_image', 'stimuli/0047.jpg'), ('t_target', 'targets/scissors.jpg'), ('is_target_present', 1)])
899.0365 	EXP 	eyetracker.clearEvents()
899.5371 	EXP 	eyetracker.setRecordingState(True)
899.5526 	EXP 	slider: autoDraw = False
899.5526 	EXP 	hourglass: autoDraw = False
899.5526 	EXP 	hourglass_2: autoDraw = False
899.5526 	EXP 	hourglass_3: autoDraw = False
899.5526 	EXP 	hourglass_4: autoDraw = False
899.5526 	EXP 	text: autoDraw = False
899.5526 	EXP 	trial_target: image = 'targets/scissors.jpg'
899.5526 	EXP 	trial_target: image = 'targets/bell.jpg'
899.5687 	EXP 	trial_target: autoDraw = True
900.5687 	EXP 	trial_target: autoDraw = False
900.5687 	EXP 	trial_target: autoDraw = False
900.5687 	EXP 	fixationCross: autoDraw = True
902.4868 	EXP 	fixationCross: autoDraw = False
902.4868 	EXP 	fixationCross: autoDraw = False
902.4868 	EXP 	trial_image: image = 'stimuli/0056.jpg'
902.4868 	EXP 	trial_image: autoDraw = True
914.1563 	EXP 	eyetracker.setRecordingState(False)
914.1573 	DATA 	Keypress: left
914.1686 	EXP 	trial_image: autoDraw = False
914.6534 	EXP 	window1: mouseVisible = True
914.6686 	EXP 	slider: markerPos = None
914.6686 	EXP 	slider: markerPos = None
914.6686 	EXP 	slider: autoDraw = True
914.6686 	EXP 	hourglass: autoDraw = True
915.5381 	DATA 	Mouse: Left button down, pos=(1227,446)
915.5686 	EXP 	slider: markerPos = 3.9888888597488403
915.5853 	EXP 	slider: markerPos = 3.9888888597488403
915.6019 	EXP 	slider: markerPos = 3.9888888597488403
915.6097 	DATA 	Mouse:  Left button up, pos=(1227,446)
915.6187 	EXP 	slider: markerPos = 3.9888888597488403
915.6353 	EXP 	slider: markerPos = 3.9888888597488403
915.6399 	EXP 	window1: mouseVisible = False
915.6419 	EXP 	New trial (rep=0, index=48): OrderedDict([('t_image', 'stimuli/0048.jpg'), ('t_target', 'targets/bottle.jpg'), ('is_target_present', 0)])
915.7309 	EXP 	eyetracker.clearEvents()
916.2329 	EXP 	eyetracker.setRecordingState(True)
916.2359 	EXP 	hourglass_2: autoDraw = True
916.2359 	EXP 	slider: autoDraw = False
916.2359 	EXP 	hourglass: autoDraw = False
916.2359 	EXP 	hourglass_2: autoDraw = False
916.2359 	EXP 	hourglass_3: autoDraw = False
916.2359 	EXP 	hourglass_4: autoDraw = False
916.2359 	EXP 	text: autoDraw = False
916.2359 	EXP 	trial_target: image = 'targets/bottle.jpg'
916.2359 	EXP 	trial_target: image = 'targets/fan.jpg'
916.2520 	EXP 	trial_target: autoDraw = True
917.2520 	EXP 	trial_target: autoDraw = False
917.2520 	EXP 	trial_target: autoDraw = False
917.2520 	EXP 	fixationCross: autoDraw = True
918.6189 	EXP 	fixationCross: autoDraw = False
918.6189 	EXP 	fixationCross: autoDraw = False
918.6189 	EXP 	trial_image: image = 'stimuli/0052.jpg'
918.6189 	EXP 	trial_image: autoDraw = True
930.8548 	EXP 	eyetracker.setRecordingState(False)
930.8687 	EXP 	trial_image: autoDraw = False
931.1532 	DATA 	Keypress: left
931.3533 	EXP 	window1: mouseVisible = True
931.3687 	EXP 	slider: markerPos = None
931.3687 	EXP 	slider: markerPos = None
931.3687 	EXP 	slider: autoDraw = True
931.3687 	EXP 	hourglass: autoDraw = True
932.3520 	EXP 	hourglass_2: autoDraw = True
932.3688 	EXP 	hourglass: autoDraw = False
933.3521 	EXP 	hourglass_2: autoDraw = False
933.3521 	EXP 	hourglass_3: autoDraw = True
933.4705 	DATA 	Mouse: Left button down, pos=(1492,432)
933.4854 	EXP 	slider: markerPos = 4.974074125289917
933.5021 	EXP 	slider: markerPos = 4.977777719497681
933.5187 	EXP 	slider: markerPos = 4.981481432914734
933.5354 	EXP 	slider: markerPos = 4.981481432914734
933.5521 	EXP 	slider: markerPos = 4.981481432914734
933.5597 	DATA 	Mouse:  Left button up, pos=(1495,432)
933.5688 	EXP 	slider: markerPos = 4.981481432914734
933.5854 	EXP 	slider: markerPos = 4.981481432914734
933.5899 	EXP 	window1: mouseVisible = False
933.5919 	EXP 	New trial (rep=0, index=49): OrderedDict([('t_image', 'stimuli/0049.jpg'), ('t_target', 'targets/glue.jpg'), ('is_target_present', 1)])
933.6548 	EXP 	eyetracker.clearEvents()
934.1560 	EXP 	eyetracker.setRecordingState(True)
934.1693 	EXP 	slider: autoDraw = False
934.1693 	EXP 	hourglass: autoDraw = False
934.1693 	EXP 	hourglass_2: autoDraw = False
934.1693 	EXP 	hourglass_3: autoDraw = False
934.1693 	EXP 	hourglass_4: autoDraw = False
934.1693 	EXP 	text: autoDraw = False
934.1693 	EXP 	trial_target: image = 'targets/glue.jpg'
934.1693 	EXP 	trial_target: image = 'targets/fire_extinguisher.jpg'
934.1854 	EXP 	trial_target: autoDraw = True
935.1854 	EXP 	trial_target: autoDraw = False
935.1854 	EXP 	trial_target: autoDraw = False
935.1854 	EXP 	fixationCross: autoDraw = True
936.8859 	EXP 	fixationCross: autoDraw = False
936.8859 	EXP 	fixationCross: autoDraw = False
936.8859 	EXP 	trial_image: image = 'stimuli/0057.jpg'
936.8859 	EXP 	trial_image: autoDraw = True
939.9235 	EXP 	eyetracker.setRecordingState(False)
939.9244 	DATA 	Keypress: right
939.9354 	EXP 	trial_image: autoDraw = False
940.4199 	EXP 	window1: mouseVisible = True
940.4354 	EXP 	slider: markerPos = None
940.4354 	EXP 	slider: markerPos = None
940.4354 	EXP 	slider: autoDraw = True
940.4354 	EXP 	hourglass: autoDraw = True
941.4354 	EXP 	hourglass: autoDraw = False
941.4354 	EXP 	hourglass_2: autoDraw = True
941.9033 	DATA 	Mouse: Left button down, pos=(1501,437)
941.9188 	EXP 	slider: markerPos = 5.003703594207764
941.9354 	EXP 	slider: markerPos = 5.003703594207764
941.9522 	EXP 	slider: markerPos = 5.003703594207764
941.9688 	EXP 	slider: markerPos = 5.003703594207764
941.9854 	EXP 	slider: markerPos = 5.003703594207764
942.0021 	EXP 	slider: markerPos = 5.003703594207764
942.0188 	EXP 	slider: markerPos = 5.003703594207764
942.0354 	EXP 	slider: markerPos = 5.003703594207764
942.0429 	DATA 	Mouse:  Left button up, pos=(1501,438)
942.0521 	EXP 	slider: markerPos = 5.003703594207764
942.0687 	EXP 	slider: markerPos = 5
942.0734 	EXP 	window1: mouseVisible = False
942.0855 	EXP 	slider: autoDraw = False
942.0855 	EXP 	hourglass: autoDraw = False
942.0855 	EXP 	hourglass_2: autoDraw = False
942.0855 	EXP 	hourglass_3: autoDraw = False
942.0855 	EXP 	hourglass_4: autoDraw = False
942.0855 	EXP 	text: autoDraw = True
967.4528 	DATA 	Mouse: Left button down, pos=(1505,438)
967.4608 	EXP 	Created calibrationTarget = ShapeStim(__class__=<class 'psychopy.visual.shape.ShapeStim'>, anchor=('center', 'center'), autoDraw=False, autoLog=True, closeShape=True, color=method-wrapper(...), colorSpace='rgb', contrast=None, depth=0, fillColor=array([0, 0, 0]), fillColorSpace='rgb', fillRGB=array([0, 0, 0]), interpolate=True, lineColor=array([-1., -1., -1.]), lineColorSpace='rgb', lineRGB=array([-1, -1, -1]), lineWidth=2.0, name='calibrationTarget', opacity=1.0, ori=0.0, pos=array([0., 0.]), size=array([0., 0.]), units='height', vertices=ndarray(...), win=Window(...), windingRule=None)
967.4672 	EXP 	Created calibrationTargetInner = ShapeStim(__class__=<class 'psychopy.visual.shape.ShapeStim'>, anchor=('center', 'center'), autoDraw=False, autoLog=True, closeShape=True, color=method-wrapper(...), colorSpace='rgb', contrast=None, depth=0, fillColor=array([-1.        ,  0.00392157, -1.        ]), fillColorSpace='rgb', fillRGB=array([-1.        ,  0.00392157, -1.        ]), interpolate=True, lineColor=array([-1., -1., -1.]), lineColorSpace='rgb', lineRGB=array([-1, -1, -1]), lineWidth=2.0, name='calibrationTargetInner', opacity=1.0, ori=0.0, pos=array([0., 0.]), size=array([0., 0.]), units='height', vertices=ndarray(...), win=Window(...), windingRule=None)
1003.3148 	DATA 	Mouse:  Left button up, pos=(1505,438)
1003.3256 	EXP 	text: autoDraw = False
1003.3265 	EXP 	New trial (rep=0, index=50): OrderedDict([('t_image', 'stimuli/0050.jpg'), ('t_target', 'targets/measuring_tape.jpg'), ('is_target_present', 0)])
1003.3947 	EXP 	eyetracker.clearEvents()
1003.8956 	EXP 	eyetracker.setRecordingState(True)
1003.9052 	EXP 	trial_target: image = 'targets/measuring_tape.jpg'
1003.9052 	EXP 	trial_target: image = 'targets/flag.jpg'
1003.9583 	EXP 	trial_target: autoDraw = True
1004.9693 	EXP 	trial_target: autoDraw = False
1004.9693 	EXP 	trial_target: autoDraw = False
1004.9693 	EXP 	fixationCross: autoDraw = True
1006.2865 	EXP 	fixationCross: autoDraw = False
1006.2865 	EXP 	fixationCross: autoDraw = False
1006.2865 	EXP 	trial_image: image = 'stimuli/0012.jpg'
1006.2865 	EXP 	trial_image: autoDraw = True
1010.3899 	EXP 	eyetracker.setRecordingState(False)
1010.3909 	DATA 	Keypress: left
1010.4026 	EXP 	trial_image: autoDraw = False
1010.8874 	EXP 	window1: mouseVisible = True
1010.9026 	EXP 	slider: markerPos = None
1010.9026 	EXP 	slider: markerPos = None
1010.9026 	EXP 	slider: autoDraw = True
1010.9026 	EXP 	hourglass: autoDraw = True
1011.8860 	EXP 	hourglass_2: autoDraw = True
1011.9026 	EXP 	hourglass: autoDraw = False
1012.8860 	EXP 	hourglass_2: autoDraw = False
1012.8860 	EXP 	hourglass_3: autoDraw = True
1013.0872 	DATA 	Mouse: Left button down, pos=(1235,442)
1013.1027 	EXP 	slider: markerPos = 4.018518567085266
1013.1193 	EXP 	slider: markerPos = 4.018518567085266
1013.1360 	EXP 	slider: markerPos = 4.018518567085266
1013.1526 	EXP 	slider: markerPos = 4.018518567085266
1013.1693 	EXP 	slider: markerPos = 4.018518567085266
1013.1860 	EXP 	slider: markerPos = 4.018518567085266
1013.1942 	DATA 	Mouse:  Left button up, pos=(1235,441)
1013.2027 	EXP 	slider: markerPos = 4.018518567085266
1013.2193 	EXP 	slider: markerPos = 4.018518567085266
1013.2242 	EXP 	window1: mouseVisible = False
1013.2263 	EXP 	New trial (rep=0, index=51): OrderedDict([('t_image', 'stimuli/0051.jpg'), ('t_target', 'targets/measuring_tape.jpg'), ('is_target_present', 1)])
1013.2964 	EXP 	eyetracker.clearEvents()
1013.7981 	EXP 	eyetracker.setRecordingState(True)
1013.8032 	EXP 	slider: autoDraw = False
1013.8032 	EXP 	hourglass: autoDraw = False
1013.8032 	EXP 	hourglass_2: autoDraw = False
1013.8032 	EXP 	hourglass_3: autoDraw = False
1013.8032 	EXP 	hourglass_4: autoDraw = False
1013.8032 	EXP 	text: autoDraw = False
1013.8032 	EXP 	trial_target: image = 'targets/measuring_tape.jpg'
1013.8032 	EXP 	trial_target: image = 'targets/newspaper.jpg'
1013.8194 	EXP 	trial_target: autoDraw = True
1014.8193 	EXP 	trial_target: autoDraw = False
1014.8193 	EXP 	trial_target: autoDraw = False
1014.8193 	EXP 	fixationCross: autoDraw = True
1016.1694 	EXP 	fixationCross: autoDraw = False
1016.1694 	EXP 	fixationCross: autoDraw = False
1016.1694 	EXP 	trial_image: image = 'stimuli/0018.jpg'
1016.1694 	EXP 	trial_image: autoDraw = True
1023.5740 	EXP 	eyetracker.setRecordingState(False)
1023.5749 	DATA 	Keypress: left
1023.5860 	EXP 	trial_image: autoDraw = False
1024.0708 	EXP 	window1: mouseVisible = True
1024.0860 	EXP 	slider: markerPos = None
1024.0860 	EXP 	slider: markerPos = None
1024.0860 	EXP 	slider: autoDraw = True
1024.0860 	EXP 	hourglass: autoDraw = True
1025.0694 	EXP 	hourglass_2: autoDraw = True
1025.0861 	EXP 	hourglass: autoDraw = False
1025.9202 	DATA 	Mouse: Left button down, pos=(1491,433)
1025.9361 	EXP 	slider: markerPos = 4.9666666984558105
1025.9527 	EXP 	slider: markerPos = 4.9666666984558105
1025.9694 	EXP 	slider: markerPos = 4.9666666984558105
1025.9861 	EXP 	slider: markerPos = 4.9666666984558105
1026.0027 	EXP 	slider: markerPos = 4.9666666984558105
1026.0103 	DATA 	Mouse:  Left button up, pos=(1491,433)
1026.0194 	EXP 	slider: markerPos = 4.9666666984558105
1026.0361 	EXP 	slider: markerPos = 4.9666666984558105
1026.0407 	EXP 	window1: mouseVisible = False
1026.0429 	EXP 	New trial (rep=0, index=52): OrderedDict([('t_image', 'stimuli/0052.jpg'), ('t_target', 'targets/fan.jpg'), ('is_target_present', 0)])
1026.2386 	EXP 	eyetracker.clearEvents()
1026.7394 	EXP 	eyetracker.setRecordingState(True)
1026.7533 	EXP 	slider: autoDraw = False
1026.7533 	EXP 	hourglass: autoDraw = False
1026.7533 	EXP 	hourglass_2: autoDraw = False
1026.7533 	EXP 	hourglass_3: autoDraw = False
1026.7533 	EXP 	hourglass_4: autoDraw = False
1026.7533 	EXP 	text: autoDraw = False
1026.7533 	EXP 	trial_target: image = 'targets/fan.jpg'
1026.7533 	EXP 	trial_target: image = 'targets/wallet.jpg'
1026.7694 	EXP 	trial_target: autoDraw = True
1027.7694 	EXP 	trial_target: autoDraw = False
1027.7694 	EXP 	trial_target: autoDraw = False
1027.7694 	EXP 	fixationCross: autoDraw = True
1029.5028 	EXP 	fixationCross: autoDraw = False
1029.5028 	EXP 	fixationCross: autoDraw = False
1029.5028 	EXP 	trial_image: image = 'stimuli/0014.jpg'
1029.5028 	EXP 	trial_image: autoDraw = True
1037.2068 	EXP 	eyetracker.setRecordingState(False)
1037.2078 	DATA 	Keypress: left
1037.2195 	EXP 	trial_image: autoDraw = False
1037.7041 	EXP 	window1: mouseVisible = True
1037.7194 	EXP 	slider: markerPos = None
1037.7194 	EXP 	slider: markerPos = None
1037.7194 	EXP 	slider: autoDraw = True
1037.7194 	EXP 	hourglass: autoDraw = True
1038.3704 	DATA 	Mouse: Left button down, pos=(1491,433)
1038.3861 	EXP 	slider: markerPos = 4.9666666984558105
1038.4028 	EXP 	slider: markerPos = 4.9666666984558105
1038.4194 	EXP 	slider: markerPos = 4.9666666984558105
1038.4270 	DATA 	Mouse:  Left button up, pos=(1491,433)
1038.4361 	EXP 	slider: markerPos = 4.9666666984558105
1038.4528 	EXP 	slider: markerPos = 4.9666666984558105
1038.4573 	EXP 	window1: mouseVisible = False
1038.4592 	EXP 	New trial (rep=0, index=53): OrderedDict([('t_image', 'stimuli/0053.jpg'), ('t_target', 'targets/fan.jpg'), ('is_target_present', 1)])
1038.5546 	EXP 	eyetracker.clearEvents()
1039.0555 	EXP 	eyetracker.setRecordingState(True)
1039.0699 	EXP 	slider: autoDraw = False
1039.0699 	EXP 	hourglass: autoDraw = False
1039.0699 	EXP 	hourglass_2: autoDraw = False
1039.0699 	EXP 	hourglass_3: autoDraw = False
1039.0699 	EXP 	hourglass_4: autoDraw = False
1039.0699 	EXP 	text: autoDraw = False
1039.0699 	EXP 	trial_target: image = 'targets/fan.jpg'
1039.0699 	EXP 	trial_target: image = 'targets/flag.jpg'
1039.0862 	EXP 	trial_target: autoDraw = True
1040.0862 	EXP 	trial_target: autoDraw = False
1040.0862 	EXP 	trial_target: autoDraw = False
1040.0862 	EXP 	fixationCross: autoDraw = True
1041.5195 	EXP 	fixationCross: autoDraw = False
1041.5195 	EXP 	fixationCross: autoDraw = False
1041.5195 	EXP 	trial_image: image = 'stimuli/0019.jpg'
1041.5195 	EXP 	trial_image: autoDraw = True
1047.7583 	EXP 	eyetracker.setRecordingState(False)
1047.7592 	DATA 	Keypress: right
1047.7695 	EXP 	trial_image: autoDraw = False
1048.2543 	EXP 	window1: mouseVisible = True
1048.2695 	EXP 	slider: markerPos = None
1048.2695 	EXP 	slider: markerPos = None
1048.2695 	EXP 	slider: autoDraw = True
1048.2695 	EXP 	hourglass: autoDraw = True
1048.8875 	DATA 	Mouse: Left button down, pos=(1491,433)
1048.9028 	EXP 	slider: markerPos = 4.9666666984558105
1048.9195 	EXP 	slider: markerPos = 4.9666666984558105
1048.9362 	EXP 	slider: markerPos = 4.9666666984558105
1048.9529 	EXP 	slider: markerPos = 4.9666666984558105
1048.9537 	DATA 	Mouse:  Left button up, pos=(1491,433)
1048.9695 	EXP 	slider: markerPos = 4.9666666984558105
1048.9741 	EXP 	window1: mouseVisible = False
1048.9761 	EXP 	New trial (rep=0, index=54): OrderedDict([('t_image', 'stimuli/0054.jpg'), ('t_target', 'targets/copper_wire.jpg'), ('is_target_present', 0)])
1049.0485 	EXP 	eyetracker.clearEvents()
1049.5505 	EXP 	eyetracker.setRecordingState(True)
1049.5698 	EXP 	slider: autoDraw = False
1049.5698 	EXP 	hourglass: autoDraw = False
1049.5698 	EXP 	hourglass_2: autoDraw = False
1049.5698 	EXP 	hourglass_3: autoDraw = False
1049.5698 	EXP 	hourglass_4: autoDraw = False
1049.5698 	EXP 	text: autoDraw = False
1049.5698 	EXP 	trial_target: image = 'targets/copper_wire.jpg'
1049.5698 	EXP 	trial_target: image = 'targets/clock.jpg'
1049.5862 	EXP 	trial_target: autoDraw = True
1050.5862 	EXP 	trial_target: autoDraw = False
1050.5862 	EXP 	trial_target: autoDraw = False
1050.5862 	EXP 	fixationCross: autoDraw = True
1055.5395 	EXP 	fixationCross: autoDraw = False
1055.5395 	EXP 	fixationCross: autoDraw = False
1055.5395 	EXP 	trial_image: image = 'stimuli/0015.jpg'
1055.5395 	EXP 	trial_image: autoDraw = True
1059.1223 	DATA 	Keypress: right
1059.6392 	EXP 	eyetracker.setRecordingState(False)
1059.6528 	EXP 	trial_image: autoDraw = False
1060.1375 	EXP 	window1: mouseVisible = True
1060.1527 	EXP 	slider: markerPos = None
1060.1527 	EXP 	slider: markerPos = None
1060.1527 	EXP 	slider: autoDraw = True
1060.1527 	EXP 	hourglass: autoDraw = True
1060.6723 	DATA 	Mouse: Left button down, pos=(1491,433)
1060.7028 	EXP 	slider: markerPos = 4.9666666984558105
1060.7194 	EXP 	slider: markerPos = 4.9666666984558105
1060.7361 	EXP 	slider: markerPos = 4.9666666984558105
1060.7528 	EXP 	slider: markerPos = 4.9666666984558105
1060.7538 	DATA 	Mouse:  Left button up, pos=(1491,433)
1060.7694 	EXP 	slider: markerPos = 4.9666666984558105
1060.7743 	EXP 	window1: mouseVisible = False
1060.7762 	EXP 	New trial (rep=0, index=55): OrderedDict([('t_image', 'stimuli/0055.jpg'), ('t_target', 'targets/bell.jpg'), ('is_target_present', 1)])
1060.9312 	EXP 	eyetracker.clearEvents()
1061.4332 	EXP 	eyetracker.setRecordingState(True)
1061.4532 	EXP 	slider: autoDraw = False
1061.4532 	EXP 	hourglass: autoDraw = False
1061.4532 	EXP 	hourglass_2: autoDraw = False
1061.4532 	EXP 	hourglass_3: autoDraw = False
1061.4532 	EXP 	hourglass_4: autoDraw = False
1061.4532 	EXP 	text: autoDraw = False
1061.4532 	EXP 	trial_target: image = 'targets/bell.jpg'
1061.4532 	EXP 	trial_target: image = 'targets/seagull.jpg'
1061.4695 	EXP 	trial_target: autoDraw = True
1062.4695 	EXP 	trial_target: autoDraw = False
1062.4695 	EXP 	trial_target: autoDraw = False
1062.4695 	EXP 	fixationCross: autoDraw = True
1064.1196 	EXP 	fixationCross: autoDraw = False
1064.1196 	EXP 	fixationCross: autoDraw = False
1064.1196 	EXP 	trial_image: image = 'stimuli/0010.jpg'
1064.1196 	EXP 	trial_image: autoDraw = True
1075.1910 	EXP 	eyetracker.setRecordingState(False)
1075.1920 	DATA 	Keypress: left
1075.2030 	EXP 	trial_image: autoDraw = False
1075.6877 	EXP 	window1: mouseVisible = True
1075.7030 	EXP 	slider: markerPos = None
1075.7030 	EXP 	slider: markerPos = None
1075.7030 	EXP 	slider: autoDraw = True
1075.7030 	EXP 	hourglass: autoDraw = True
1076.6863 	EXP 	hourglass_2: autoDraw = True
1076.7030 	EXP 	hourglass: autoDraw = False
1077.6041 	DATA 	Mouse: Left button down, pos=(953,443)
1077.6196 	EXP 	slider: markerPos = 2.974074074998498
1077.6363 	EXP 	slider: markerPos = 2.974074074998498
1077.6530 	EXP 	slider: markerPos = 2.974074074998498
1077.6696 	EXP 	slider: markerPos = 2.974074074998498
1077.6863 	EXP 	hourglass_2: autoDraw = False
1077.6863 	EXP 	hourglass_3: autoDraw = True
1077.6863 	EXP 	slider: markerPos = 2.974074074998498
1077.7030 	EXP 	slider: markerPos = 2.974074074998498
1077.7196 	EXP 	slider: markerPos = 2.974074074998498
1077.7363 	EXP 	slider: markerPos = 2.974074074998498
1077.7374 	DATA 	Mouse:  Left button up, pos=(953,442)
1077.7530 	EXP 	slider: markerPos = 2.974074074998498
1077.7577 	EXP 	window1: mouseVisible = False
1077.7597 	EXP 	New trial (rep=0, index=56): OrderedDict([('t_image', 'stimuli/0056.jpg'), ('t_target', 'targets/bell.jpg'), ('is_target_present', 0)])
1077.9159 	EXP 	eyetracker.clearEvents()
1078.4178 	EXP 	eyetracker.setRecordingState(True)
1078.4364 	EXP 	slider: autoDraw = False
1078.4364 	EXP 	hourglass: autoDraw = False
1078.4364 	EXP 	hourglass_2: autoDraw = False
1078.4364 	EXP 	hourglass_3: autoDraw = False
1078.4364 	EXP 	hourglass_4: autoDraw = False
1078.4364 	EXP 	text: autoDraw = False
1078.4364 	EXP 	trial_target: image = 'targets/bell.jpg'
1078.4364 	EXP 	trial_target: image = 'targets/bicycle.jpg'
1078.4530 	EXP 	trial_target: autoDraw = True
1079.4530 	EXP 	trial_target: autoDraw = False
1079.4530 	EXP 	trial_target: autoDraw = False
1079.4530 	EXP 	fixationCross: autoDraw = True
1080.8537 	EXP 	fixationCross: autoDraw = False
1080.8537 	EXP 	fixationCross: autoDraw = False
1080.8537 	EXP 	trial_image: image = 'stimuli/0013.jpg'
1080.8537 	EXP 	trial_image: autoDraw = True
1082.8398 	EXP 	eyetracker.setRecordingState(False)
1082.8407 	DATA 	Keypress: right
1082.8530 	EXP 	trial_image: autoDraw = False
1083.3377 	EXP 	window1: mouseVisible = True
1083.3530 	EXP 	slider: markerPos = None
1083.3530 	EXP 	slider: markerPos = None
1083.3530 	EXP 	slider: autoDraw = True
1083.3530 	EXP 	hourglass: autoDraw = True
1084.3365 	EXP 	hourglass_2: autoDraw = True
1084.3531 	EXP 	hourglass: autoDraw = False
1085.3041 	DATA 	Mouse: Left button down, pos=(1498,436)
1085.3197 	EXP 	slider: markerPos = 4.9925925731658936
1085.3364 	EXP 	hourglass_2: autoDraw = False
1085.3364 	EXP 	hourglass_3: autoDraw = True
1085.3364 	EXP 	slider: markerPos = 4.9925925731658936
1085.3530 	EXP 	slider: markerPos = 4.9925925731658936
1085.3697 	EXP 	slider: markerPos = 4.9925925731658936
1085.3864 	EXP 	slider: markerPos = 4.9925925731658936
1085.4031 	EXP 	slider: markerPos = 4.9925925731658936
1085.4197 	EXP 	slider: markerPos = 4.9925925731658936
1085.4208 	DATA 	Mouse:  Left button up, pos=(1498,436)
1085.4364 	EXP 	slider: markerPos = 4.9925925731658936
1085.4425 	EXP 	window1: mouseVisible = False
1085.4446 	EXP 	New trial (rep=0, index=57): OrderedDict([('t_image', 'stimuli/0057.jpg'), ('t_target', 'targets/fire_extinguisher.jpg'), ('is_target_present', 1)])
1085.5037 	EXP 	eyetracker.clearEvents()
1086.0045 	EXP 	eyetracker.setRecordingState(True)
1086.0203 	EXP 	slider: autoDraw = False
1086.0203 	EXP 	hourglass: autoDraw = False
1086.0203 	EXP 	hourglass_2: autoDraw = False
1086.0203 	EXP 	hourglass_3: autoDraw = False
1086.0203 	EXP 	hourglass_4: autoDraw = False
1086.0203 	EXP 	text: autoDraw = False
1086.0203 	EXP 	trial_target: image = 'targets/fire_extinguisher.jpg'
1086.0203 	EXP 	trial_target: image = 'targets/flag.jpg'
1086.0364 	EXP 	trial_target: autoDraw = True
1087.0364 	EXP 	trial_target: autoDraw = False
1087.0364 	EXP 	trial_target: autoDraw = False
1087.0364 	EXP 	fixationCross: autoDraw = True
1088.3534 	EXP 	fixationCross: autoDraw = False
1088.3534 	EXP 	fixationCross: autoDraw = False
1088.3534 	EXP 	trial_image: image = 'stimuli/0011.jpg'
1088.3534 	EXP 	trial_image: autoDraw = True
1091.4247 	EXP 	eyetracker.setRecordingState(False)
1091.4257 	DATA 	Keypress: right
1091.4364 	EXP 	trial_image: autoDraw = False
1091.9211 	EXP 	window1: mouseVisible = True
1091.9364 	EXP 	slider: markerPos = None
1091.9364 	EXP 	slider: markerPos = None
1091.9364 	EXP 	slider: autoDraw = True
1091.9364 	EXP 	hourglass: autoDraw = True
1092.3539 	DATA 	Mouse: Left button down, pos=(1495,434)
1092.3698 	EXP 	slider: markerPos = 4.981481432914734
1092.3864 	EXP 	slider: markerPos = 4.981481432914734
1092.4031 	EXP 	slider: markerPos = 4.981481432914734
1092.4105 	DATA 	Mouse:  Left button up, pos=(1495,434)
1092.4198 	EXP 	slider: markerPos = 4.981481432914734
1092.4364 	EXP 	slider: markerPos = 4.981481432914734
1092.4409 	EXP 	window1: mouseVisible = False
1092.4430 	EXP 	New trial (rep=0, index=58): OrderedDict([('t_image', 'stimuli/0058.jpg'), ('t_target', 'targets/glasses.jpg'), ('is_target_present', 0)])
1092.6300 	EXP 	eyetracker.clearEvents()
1093.1319 	EXP 	eyetracker.setRecordingState(True)
1093.1370 	EXP 	slider: autoDraw = False
1093.1370 	EXP 	hourglass: autoDraw = False
1093.1370 	EXP 	hourglass_2: autoDraw = False
1093.1370 	EXP 	hourglass_3: autoDraw = False
1093.1370 	EXP 	hourglass_4: autoDraw = False
1093.1370 	EXP 	text: autoDraw = False
1093.1370 	EXP 	trial_target: image = 'targets/glasses.jpg'
1093.1370 	EXP 	trial_target: image = 'targets/pigeon.jpg'
1093.1531 	EXP 	trial_target: autoDraw = True
1094.1531 	EXP 	trial_target: autoDraw = False
1094.1531 	EXP 	trial_target: autoDraw = False
1094.1531 	EXP 	fixationCross: autoDraw = True
1095.5534 	EXP 	fixationCross: autoDraw = False
1095.5534 	EXP 	fixationCross: autoDraw = False
1095.5534 	EXP 	trial_image: image = 'stimuli/0017.jpg'
1095.5534 	EXP 	trial_image: autoDraw = True
1106.9736 	EXP 	eyetracker.setRecordingState(False)
1106.9746 	DATA 	Keypress: left
1106.9865 	EXP 	trial_image: autoDraw = False
1107.4712 	EXP 	window1: mouseVisible = True
1107.4865 	EXP 	slider: markerPos = None
1107.4865 	EXP 	slider: markerPos = None
1107.4865 	EXP 	slider: autoDraw = True
1107.4865 	EXP 	hourglass: autoDraw = True
1108.4699 	EXP 	hourglass_2: autoDraw = True
1108.4865 	EXP 	hourglass: autoDraw = False
1109.1216 	DATA 	Mouse: Left button down, pos=(1231,427)
1109.1366 	EXP 	slider: markerPos = 4.003703713417053
1109.1532 	EXP 	slider: markerPos = 4.003703713417053
1109.1699 	EXP 	slider: markerPos = 4.003703713417053
1109.1865 	EXP 	slider: markerPos = 4.003703713417053
1109.2032 	EXP 	slider: markerPos = 4.003703713417053
1109.2199 	EXP 	slider: markerPos = 4.003703713417053
1109.2209 	DATA 	Mouse:  Left button up, pos=(1231,427)
1109.2365 	EXP 	slider: markerPos = 4.003703713417053
1109.2421 	EXP 	window1: mouseVisible = False
1109.2443 	EXP 	New trial (rep=0, index=59): OrderedDict([('t_image', 'stimuli/0059.jpg'), ('t_target', 'targets/glasses.jpg'), ('is_target_present', 1)])
1109.5434 	EXP 	eyetracker.clearEvents()
1110.0450 	EXP 	eyetracker.setRecordingState(True)
1110.0539 	EXP 	slider: autoDraw = False
1110.0539 	EXP 	hourglass: autoDraw = False
1110.0539 	EXP 	hourglass_2: autoDraw = False
1110.0539 	EXP 	hourglass_3: autoDraw = False
1110.0539 	EXP 	hourglass_4: autoDraw = False
1110.0539 	EXP 	text: autoDraw = False
1110.0539 	EXP 	trial_target: image = 'targets/glasses.jpg'
1110.0539 	EXP 	trial_target: image = 'targets/ceramic_cup.jpg'
1110.0699 	EXP 	trial_target: autoDraw = True
1111.0698 	EXP 	trial_target: autoDraw = False
1111.0698 	EXP 	trial_target: autoDraw = False
1111.0698 	EXP 	fixationCross: autoDraw = True
1112.2535 	EXP 	fixationCross: autoDraw = False
1112.2535 	EXP 	fixationCross: autoDraw = False
1112.2535 	EXP 	trial_image: image = 'stimuli/0016.jpg'
1112.2535 	EXP 	trial_image: autoDraw = True
1114.5251 	EXP 	eyetracker.setRecordingState(False)
1114.5260 	DATA 	Keypress: right
1114.5365 	EXP 	trial_image: autoDraw = False
1115.0212 	EXP 	window1: mouseVisible = True
1115.0365 	EXP 	slider: markerPos = None
1115.0365 	EXP 	slider: markerPos = None
1115.0365 	EXP 	slider: autoDraw = True
1115.0365 	EXP 	hourglass: autoDraw = True
1115.9562 	DATA 	Mouse: Left button down, pos=(1231,427)
1115.9865 	EXP 	slider: markerPos = 4.003703713417053
1116.0032 	EXP 	slider: markerPos = 4.003703713417053
1116.0199 	EXP 	hourglass_2: autoDraw = True
1116.0199 	EXP 	slider: markerPos = 4.003703713417053
1116.0206 	DATA 	Mouse:  Left button up, pos=(1231,427)
1116.0365 	EXP 	hourglass: autoDraw = False
1116.0365 	EXP 	slider: markerPos = 4.003703713417053
1116.0411 	EXP 	window1: mouseVisible = False
1116.0532 	EXP 	slider: autoDraw = False
1116.0532 	EXP 	hourglass: autoDraw = False
1116.0532 	EXP 	hourglass_2: autoDraw = False
1116.0532 	EXP 	hourglass_3: autoDraw = False
1116.0532 	EXP 	hourglass_4: autoDraw = False
1116.0532 	EXP 	text: autoDraw = True
1147.2538 	DATA 	Mouse: Left button down, pos=(1231,427)
1147.2624 	EXP 	Created calibrationTarget = ShapeStim(__class__=<class 'psychopy.visual.shape.ShapeStim'>, anchor=('center', 'center'), autoDraw=False, autoLog=True, closeShape=True, color=method-wrapper(...), colorSpace='rgb', contrast=None, depth=0, fillColor=array([0, 0, 0]), fillColorSpace='rgb', fillRGB=array([0, 0, 0]), interpolate=True, lineColor=array([-1., -1., -1.]), lineColorSpace='rgb', lineRGB=array([-1, -1, -1]), lineWidth=2.0, name='calibrationTarget', opacity=1.0, ori=0.0, pos=array([0., 0.]), size=array([0., 0.]), units='height', vertices=ndarray(...), win=Window(...), windingRule=None)
1147.2692 	EXP 	Created calibrationTargetInner = ShapeStim(__class__=<class 'psychopy.visual.shape.ShapeStim'>, anchor=('center', 'center'), autoDraw=False, autoLog=True, closeShape=True, color=method-wrapper(...), colorSpace='rgb', contrast=None, depth=0, fillColor=array([-1.        ,  0.00392157, -1.        ]), fillColorSpace='rgb', fillRGB=array([-1.        ,  0.00392157, -1.        ]), interpolate=True, lineColor=array([-1., -1., -1.]), lineColorSpace='rgb', lineRGB=array([-1, -1, -1]), lineWidth=2.0, name='calibrationTargetInner', opacity=1.0, ori=0.0, pos=array([0., 0.]), size=array([0., 0.]), units='height', vertices=ndarray(...), win=Window(...), windingRule=None)
1174.3470 	DATA 	Mouse:  Left button up, pos=(1231,427)
1174.3629 	EXP 	text: autoDraw = False
1174.3643 	EXP 	New trial (rep=0, index=60): OrderedDict([('t_image', 'stimuli/0060.jpg'), ('t_target', 'targets/a_glass.jpg'), ('is_target_present', 0)])
1174.4063 	EXP 	eyetracker.clearEvents()
1174.9083 	EXP 	eyetracker.setRecordingState(True)
1174.9166 	EXP 	trial_target: image = 'targets/a_glass.jpg'
1174.9166 	EXP 	trial_target: image = 'targets/clock.jpg'
1174.9608 	EXP 	trial_target: autoDraw = True
1175.9702 	EXP 	trial_target: autoDraw = False
1175.9702 	EXP 	trial_target: autoDraw = False
1175.9702 	EXP 	fixationCross: autoDraw = True
1177.4039 	EXP 	fixationCross: autoDraw = False
1177.4039 	EXP 	fixationCross: autoDraw = False
1177.4039 	EXP 	trial_image: image = 'stimuli/0005.jpg'
1177.4039 	EXP 	trial_image: autoDraw = True
1179.7075 	EXP 	eyetracker.setRecordingState(False)
1179.7085 	DATA 	Keypress: right
1179.7202 	EXP 	trial_image: autoDraw = False
1180.2048 	EXP 	window1: mouseVisible = True
1180.2202 	EXP 	slider: markerPos = None
1180.2202 	EXP 	slider: markerPos = None
1180.2202 	EXP 	slider: autoDraw = True
1180.2202 	EXP 	hourglass: autoDraw = True
1181.2036 	EXP 	hourglass_2: autoDraw = True
1181.2203 	EXP 	hourglass: autoDraw = False
1181.7711 	DATA 	Mouse: Left button down, pos=(1496,427)
1181.7869 	EXP 	slider: markerPos = 4.985185146331787
1181.8035 	EXP 	slider: markerPos = 4.985185146331787
1181.8202 	EXP 	slider: markerPos = 4.985185146331787
1181.8369 	EXP 	slider: markerPos = 4.985185146331787
1181.8535 	EXP 	slider: markerPos = 4.985185146331787
1181.8543 	DATA 	Mouse:  Left button up, pos=(1496,427)
1181.8702 	EXP 	slider: markerPos = 4.985185146331787
1181.8749 	EXP 	window1: mouseVisible = False
1181.8769 	EXP 	New trial (rep=0, index=61): OrderedDict([('t_image', 'stimuli/0061.jpg'), ('t_target', 'targets/mouse.jpg'), ('is_target_present', 1)])
1182.2191 	EXP 	eyetracker.clearEvents()
1182.7210 	EXP 	eyetracker.setRecordingState(True)
1182.7379 	EXP 	slider: autoDraw = False
1182.7379 	EXP 	hourglass: autoDraw = False
1182.7379 	EXP 	hourglass_2: autoDraw = False
1182.7379 	EXP 	hourglass_3: autoDraw = False
1182.7379 	EXP 	hourglass_4: autoDraw = False
1182.7379 	EXP 	text: autoDraw = False
1182.7379 	EXP 	trial_target: image = 'targets/mouse.jpg'
1182.7379 	EXP 	trial_target: image = 'targets/liquid_soap.jpg'
1182.7536 	EXP 	trial_target: autoDraw = True
1183.7536 	EXP 	trial_target: autoDraw = False
1183.7536 	EXP 	trial_target: autoDraw = False
1183.7536 	EXP 	fixationCross: autoDraw = True
1186.3548 	EXP 	fixationCross: autoDraw = False
1186.3548 	EXP 	fixationCross: autoDraw = False
1186.3548 	EXP 	trial_image: image = 'stimuli/0006.jpg'
1186.3548 	EXP 	trial_image: autoDraw = True
1195.7919 	EXP 	eyetracker.setRecordingState(False)
1195.7928 	DATA 	Keypress: left
1195.8035 	EXP 	trial_image: autoDraw = False
1196.2883 	EXP 	window1: mouseVisible = True
1196.3035 	EXP 	slider: markerPos = None
1196.3035 	EXP 	slider: markerPos = None
1196.3035 	EXP 	slider: autoDraw = True
1196.3035 	EXP 	hourglass: autoDraw = True
1197.3036 	EXP 	hourglass: autoDraw = False
1197.3036 	EXP 	hourglass_2: autoDraw = True
1197.8043 	DATA 	Mouse: Left button down, pos=(1221,435)
1197.8202 	EXP 	slider: markerPos = 3.9666666388511658
1197.8368 	EXP 	slider: markerPos = 3.9666666388511658
1197.8535 	EXP 	slider: markerPos = 3.9666666388511658
1197.8702 	EXP 	slider: markerPos = 3.9666666388511658
1197.8868 	EXP 	slider: markerPos = 3.9666666388511658
1197.9035 	EXP 	slider: markerPos = 3.9666666388511658
1197.9202 	EXP 	slider: markerPos = 3.9666666388511658
1197.9281 	DATA 	Mouse:  Left button up, pos=(1221,435)
1197.9369 	EXP 	slider: markerPos = 3.9666666388511658
1197.9536 	EXP 	slider: markerPos = 3.9666666388511658
1197.9582 	EXP 	window1: mouseVisible = False
1197.9602 	EXP 	New trial (rep=0, index=62): OrderedDict([('t_image', 'stimuli/0062.jpg'), ('t_target', 'targets/sock.jpg'), ('is_target_present', 0)])
1198.0637 	EXP 	eyetracker.clearEvents()
1198.5652 	EXP 	eyetracker.setRecordingState(True)
1198.5707 	EXP 	slider: autoDraw = False
1198.5707 	EXP 	hourglass: autoDraw = False
1198.5707 	EXP 	hourglass_2: autoDraw = False
1198.5707 	EXP 	hourglass_3: autoDraw = False
1198.5707 	EXP 	hourglass_4: autoDraw = False
1198.5707 	EXP 	text: autoDraw = False
1198.5707 	EXP 	trial_target: image = 'targets/sock.jpg'
1198.5707 	EXP 	trial_target: image = 'targets/toilet_paper.jpg'
1198.5869 	EXP 	trial_target: autoDraw = True
1199.5869 	EXP 	trial_target: autoDraw = False
1199.5869 	EXP 	trial_target: autoDraw = False
1199.5869 	EXP 	fixationCross: autoDraw = True
1201.7372 	EXP 	fixationCross: autoDraw = False
1201.7372 	EXP 	fixationCross: autoDraw = False
1201.7372 	EXP 	trial_image: image = 'stimuli/0009.jpg'
1201.7372 	EXP 	trial_image: autoDraw = True
1203.8920 	EXP 	eyetracker.setRecordingState(False)
1203.8930 	DATA 	Keypress: right
1203.9035 	EXP 	trial_image: autoDraw = False
1204.3885 	EXP 	window1: mouseVisible = True
1204.4035 	EXP 	slider: markerPos = None
1204.4035 	EXP 	slider: markerPos = None
1204.4035 	EXP 	slider: autoDraw = True
1204.4035 	EXP 	hourglass: autoDraw = True
1205.4037 	EXP 	hourglass: autoDraw = False
1205.4037 	EXP 	hourglass_2: autoDraw = True
1205.8214 	DATA 	Mouse: Left button down, pos=(1487,436)
1205.8369 	EXP 	slider: markerPos = 4.951851844787598
1205.8535 	EXP 	slider: markerPos = 4.951851844787598
1205.8702 	EXP 	slider: markerPos = 4.951851844787598
1205.8869 	EXP 	slider: markerPos = 4.959259271621704
1205.9035 	EXP 	slider: markerPos = 4.959259271621704
1205.9202 	EXP 	slider: markerPos = 4.959259271621704
1205.9369 	EXP 	slider: markerPos = 4.962962985038757
1205.9536 	EXP 	slider: markerPos = 4.962962985038757
1205.9544 	DATA 	Mouse:  Left button up, pos=(1490,436)
1205.9703 	EXP 	slider: markerPos = 4.962962985038757
1205.9750 	EXP 	window1: mouseVisible = False
1205.9769 	EXP 	New trial (rep=0, index=63): OrderedDict([('t_image', 'stimuli/0063.jpg'), ('t_target', 'targets/scissors.jpg'), ('is_target_present', 1)])
1206.0910 	EXP 	eyetracker.clearEvents()
1206.5919 	EXP 	eyetracker.setRecordingState(True)
1206.6039 	EXP 	slider: autoDraw = False
1206.6039 	EXP 	hourglass: autoDraw = False
1206.6039 	EXP 	hourglass_2: autoDraw = False
1206.6039 	EXP 	hourglass_3: autoDraw = False
1206.6039 	EXP 	hourglass_4: autoDraw = False
1206.6039 	EXP 	text: autoDraw = False
1206.6039 	EXP 	trial_target: image = 'targets/scissors.jpg'
1206.6039 	EXP 	trial_target: image = 'targets/newspaper.jpg'
1206.6203 	EXP 	trial_target: autoDraw = True
1207.6203 	EXP 	trial_target: autoDraw = False
1207.6203 	EXP 	trial_target: autoDraw = False
1207.6203 	EXP 	fixationCross: autoDraw = True
1209.0705 	EXP 	fixationCross: autoDraw = False
1209.0705 	EXP 	fixationCross: autoDraw = False
1209.0705 	EXP 	trial_image: image = 'stimuli/0001.jpg'
1209.0705 	EXP 	trial_image: autoDraw = True
1210.8749 	EXP 	eyetracker.setRecordingState(False)
1210.8759 	DATA 	Keypress: right
1210.8869 	EXP 	trial_image: autoDraw = False
1211.3717 	EXP 	window1: mouseVisible = True
1211.3869 	EXP 	slider: markerPos = None
1211.3869 	EXP 	slider: markerPos = None
1211.3869 	EXP 	slider: autoDraw = True
1211.3869 	EXP 	hourglass: autoDraw = True
1212.3703 	EXP 	hourglass_2: autoDraw = True
1212.3869 	EXP 	hourglass: autoDraw = False
1212.8044 	DATA 	Mouse: Left button down, pos=(1499,440)
1212.8203 	EXP 	slider: markerPos = 4.996296286582947
1212.8369 	EXP 	slider: markerPos = 4.996296286582947
1212.8536 	EXP 	slider: markerPos = 4.996296286582947
1212.8703 	EXP 	slider: markerPos = 4.996296286582947
1212.8869 	EXP 	slider: markerPos = 4.996296286582947
1212.9036 	EXP 	slider: markerPos = 4.996296286582947
1212.9203 	EXP 	slider: markerPos = 4.996296286582947
1212.9279 	DATA 	Mouse:  Left button up, pos=(1499,440)
1212.9369 	EXP 	slider: markerPos = 4.996296286582947
1212.9536 	EXP 	slider: markerPos = 4.996296286582947
1212.9582 	EXP 	window1: mouseVisible = False
1212.9601 	EXP 	New trial (rep=0, index=64): OrderedDict([('t_image', 'stimuli/0064.jpg'), ('t_target', 'targets/cellphone.jpg'), ('is_target_present', 0)])
1213.5277 	EXP 	eyetracker.clearEvents()
1214.0287 	EXP 	eyetracker.setRecordingState(True)
1214.0380 	EXP 	slider: autoDraw = False
1214.0380 	EXP 	hourglass: autoDraw = False
1214.0380 	EXP 	hourglass_2: autoDraw = False
1214.0380 	EXP 	hourglass_3: autoDraw = False
1214.0380 	EXP 	hourglass_4: autoDraw = False
1214.0380 	EXP 	text: autoDraw = False
1214.0380 	EXP 	trial_target: image = 'targets/cellphone.jpg'
1214.0380 	EXP 	trial_target: image = 'targets/liquid_soap.jpg'
1214.0536 	EXP 	trial_target: autoDraw = True
1215.0536 	EXP 	trial_target: autoDraw = False
1215.0536 	EXP 	trial_target: autoDraw = False
1215.0536 	EXP 	fixationCross: autoDraw = True
1216.5036 	EXP 	fixationCross: autoDraw = False
1216.5036 	EXP 	fixationCross: autoDraw = False
1216.5036 	EXP 	trial_image: image = 'stimuli/0007.jpg'
1216.5036 	EXP 	trial_image: autoDraw = True
1218.7409 	EXP 	eyetracker.setRecordingState(False)
1218.7419 	DATA 	Keypress: right
1218.7536 	EXP 	trial_image: autoDraw = False
1219.2383 	EXP 	window1: mouseVisible = True
1219.2536 	EXP 	slider: markerPos = None
1219.2536 	EXP 	slider: markerPos = None
1219.2536 	EXP 	slider: autoDraw = True
1219.2536 	EXP 	hourglass: autoDraw = True
1219.6378 	DATA 	Mouse: Left button down, pos=(1499,440)
1219.6536 	EXP 	slider: markerPos = 4.996296286582947
1219.6703 	EXP 	slider: markerPos = 4.996296286582947
1219.6870 	EXP 	slider: markerPos = 4.996296286582947
1219.7036 	EXP 	slider: markerPos = 4.996296286582947
1219.7203 	EXP 	slider: markerPos = 4.996296286582947
1219.7370 	EXP 	slider: markerPos = 4.996296286582947
1219.7380 	DATA 	Mouse:  Left button up, pos=(1499,440)
1219.7536 	EXP 	slider: markerPos = 4.996296286582947
1219.7582 	EXP 	window1: mouseVisible = False
1219.7601 	EXP 	New trial (rep=0, index=65): OrderedDict([('t_image', 'stimuli/0065.jpg'), ('t_target', 'targets/wallet.jpg'), ('is_target_present', 1)])
1219.9371 	EXP 	eyetracker.clearEvents()
1220.4386 	EXP 	eyetracker.setRecordingState(True)
1220.4543 	EXP 	slider: autoDraw = False
1220.4543 	EXP 	hourglass: autoDraw = False
1220.4543 	EXP 	hourglass_2: autoDraw = False
1220.4543 	EXP 	hourglass_3: autoDraw = False
1220.4543 	EXP 	hourglass_4: autoDraw = False
1220.4543 	EXP 	text: autoDraw = False
1220.4543 	EXP 	trial_target: image = 'targets/wallet.jpg'
1220.4543 	EXP 	trial_target: image = 'targets/cup.jpg'
1220.4704 	EXP 	trial_target: autoDraw = True
1221.4703 	EXP 	trial_target: autoDraw = False
1221.4703 	EXP 	trial_target: autoDraw = False
1221.4703 	EXP 	fixationCross: autoDraw = True
1224.4222 	EXP 	fixationCross: autoDraw = False
1224.4222 	EXP 	fixationCross: autoDraw = False
1224.4222 	EXP 	trial_image: image = 'stimuli/0004.jpg'
1224.4222 	EXP 	trial_image: autoDraw = True
1231.7906 	EXP 	eyetracker.setRecordingState(False)
1231.8027 	DATA 	Keypress: left
1231.8204 	EXP 	trial_image: autoDraw = False
1232.3051 	EXP 	window1: mouseVisible = True
1232.3204 	EXP 	slider: markerPos = None
1232.3204 	EXP 	slider: markerPos = None
1232.3204 	EXP 	slider: autoDraw = True
1232.3204 	EXP 	hourglass: autoDraw = True
1233.3037 	EXP 	hourglass_2: autoDraw = True
1233.3204 	EXP 	hourglass: autoDraw = False
1234.3037 	EXP 	hourglass_2: autoDraw = False
1234.3037 	EXP 	hourglass_3: autoDraw = True
1235.2379 	DATA 	Mouse: Left button down, pos=(1105,434)
1235.2537 	EXP 	slider: markerPos = 3.5370370149612427
1235.2704 	EXP 	slider: markerPos = 3.5370370149612427
1235.2871 	EXP 	slider: markerPos = 3.5370370149612427
1235.3037 	EXP 	hourglass_3: autoDraw = False
1235.3037 	EXP 	hourglass_4: autoDraw = True
1235.3037 	EXP 	slider: markerPos = 3.5370370149612427
1235.3204 	EXP 	slider: markerPos = 3.5370370149612427
1235.3370 	EXP 	slider: markerPos = 3.5370370149612427
1235.3446 	DATA 	Mouse:  Left button up, pos=(1105,434)
1235.3537 	EXP 	slider: markerPos = 3.5370370149612427
1235.3704 	EXP 	slider: markerPos = 3.5370370149612427
1235.3749 	EXP 	window1: mouseVisible = False
1235.3769 	EXP 	New trial (rep=0, index=66): OrderedDict([('t_image', 'stimuli/0066.jpg'), ('t_target', 'targets/allen_key.jpg'), ('is_target_present', 0)])
1235.4798 	EXP 	eyetracker.clearEvents()
1235.9815 	EXP 	eyetracker.setRecordingState(True)
1235.9873 	EXP 	slider: autoDraw = False
1235.9873 	EXP 	hourglass: autoDraw = False
1235.9873 	EXP 	hourglass_2: autoDraw = False
1235.9873 	EXP 	hourglass_3: autoDraw = False
1235.9873 	EXP 	hourglass_4: autoDraw = False
1235.9873 	EXP 	text: autoDraw = False
1235.9873 	EXP 	trial_target: image = 'targets/allen_key.jpg'
1235.9873 	EXP 	trial_target: image = 'targets/carton.jpg'
1236.0037 	EXP 	trial_target: autoDraw = True
1237.0037 	EXP 	trial_target: autoDraw = False
1237.0037 	EXP 	trial_target: autoDraw = False
1237.0037 	EXP 	fixationCross: autoDraw = True
1239.4045 	EXP 	fixationCross: autoDraw = False
1239.4045 	EXP 	fixationCross: autoDraw = False
1239.4045 	EXP 	trial_image: image = 'stimuli/0000.jpg'
1239.4045 	EXP 	trial_image: autoDraw = True
1249.4728 	DATA 	Keypress: left
1249.9906 	EXP 	eyetracker.setRecordingState(False)
1250.0038 	EXP 	trial_image: autoDraw = False
1250.4885 	EXP 	window1: mouseVisible = True
1250.5038 	EXP 	slider: markerPos = None
1250.5038 	EXP 	slider: markerPos = None
1250.5038 	EXP 	slider: autoDraw = True
1250.5038 	EXP 	hourglass: autoDraw = True
1251.4872 	EXP 	hourglass_2: autoDraw = True
1251.5038 	EXP 	hourglass: autoDraw = False
1252.4872 	EXP 	hourglass_2: autoDraw = False
1252.4872 	EXP 	hourglass_3: autoDraw = True
1252.8550 	DATA 	Mouse: Left button down, pos=(1096,432)
1252.8705 	EXP 	slider: markerPos = 3.5037037134170532
1252.8872 	EXP 	slider: markerPos = 3.5074074268341064
1252.9038 	EXP 	slider: markerPos = 3.5074074268341064
1252.9205 	EXP 	slider: markerPos = 3.5074074268341064
1252.9216 	DATA 	Mouse:  Left button up, pos=(1097,432)
1252.9372 	EXP 	slider: markerPos = 3.5074074268341064
1252.9418 	EXP 	window1: mouseVisible = False
1252.9438 	EXP 	New trial (rep=0, index=67): OrderedDict([('t_image', 'stimuli/0067.jpg'), ('t_target', 'targets/hard_drive.jpg'), ('is_target_present', 1)])
1253.2562 	EXP 	eyetracker.clearEvents()
1253.7571 	EXP 	eyetracker.setRecordingState(True)
1253.7716 	EXP 	slider: autoDraw = False
1253.7716 	EXP 	hourglass: autoDraw = False
1253.7716 	EXP 	hourglass_2: autoDraw = False
1253.7716 	EXP 	hourglass_3: autoDraw = False
1253.7716 	EXP 	hourglass_4: autoDraw = False
1253.7716 	EXP 	text: autoDraw = False
1253.7716 	EXP 	trial_target: image = 'targets/hard_drive.jpg'
1253.7716 	EXP 	trial_target: image = 'targets/cellphone.jpg'
1253.7872 	EXP 	trial_target: autoDraw = True
1254.7872 	EXP 	trial_target: autoDraw = False
1254.7872 	EXP 	trial_target: autoDraw = False
1254.7872 	EXP 	fixationCross: autoDraw = True
1257.6885 	EXP 	fixationCross: autoDraw = False
1257.6885 	EXP 	fixationCross: autoDraw = False
1257.6885 	EXP 	trial_image: image = 'stimuli/0003.jpg'
1257.6885 	EXP 	trial_image: autoDraw = True
1259.5914 	EXP 	eyetracker.setRecordingState(False)
1259.5924 	DATA 	Keypress: right
1259.6039 	EXP 	trial_image: autoDraw = False
1260.0887 	EXP 	window1: mouseVisible = True
1260.1038 	EXP 	slider: markerPos = None
1260.1038 	EXP 	slider: markerPos = None
1260.1038 	EXP 	slider: autoDraw = True
1260.1038 	EXP 	hourglass: autoDraw = True
1261.1039 	EXP 	hourglass: autoDraw = False
1261.1039 	EXP 	hourglass_2: autoDraw = True
1261.2380 	DATA 	Mouse: Left button down, pos=(1494,433)
1261.2539 	EXP 	slider: markerPos = 4.977777719497681
1261.2705 	EXP 	slider: markerPos = 4.977777719497681
1261.2872 	EXP 	slider: markerPos = 4.977777719497681
1261.3039 	EXP 	slider: markerPos = 4.977777719497681
1261.3205 	EXP 	slider: markerPos = 4.977777719497681
1261.3372 	EXP 	slider: markerPos = 4.977777719497681
1261.3539 	EXP 	slider: markerPos = 4.977777719497681
1261.3552 	DATA 	Mouse:  Left button up, pos=(1494,433)
1261.3705 	EXP 	slider: markerPos = 4.977777719497681
1261.3754 	EXP 	window1: mouseVisible = False
1261.3774 	EXP 	New trial (rep=0, index=68): OrderedDict([('t_image', 'stimuli/0068.jpg'), ('t_target', 'targets/kitchen_towel.jpg'), ('is_target_present', 0)])
1261.4616 	EXP 	eyetracker.clearEvents()
1261.9632 	EXP 	eyetracker.setRecordingState(True)
1261.9712 	EXP 	slider: autoDraw = False
1261.9712 	EXP 	hourglass: autoDraw = False
1261.9712 	EXP 	hourglass_2: autoDraw = False
1261.9712 	EXP 	hourglass_3: autoDraw = False
1261.9712 	EXP 	hourglass_4: autoDraw = False
1261.9712 	EXP 	text: autoDraw = False
1261.9712 	EXP 	trial_target: image = 'targets/kitchen_towel.jpg'
1261.9712 	EXP 	trial_target: image = 'targets/cup.jpg'
1261.9872 	EXP 	trial_target: autoDraw = True
1262.9872 	EXP 	trial_target: autoDraw = False
1262.9872 	EXP 	trial_target: autoDraw = False
1262.9872 	EXP 	fixationCross: autoDraw = True
1265.0376 	EXP 	fixationCross: autoDraw = False
1265.0376 	EXP 	fixationCross: autoDraw = False
1265.0376 	EXP 	trial_image: image = 'stimuli/0008.jpg'
1265.0376 	EXP 	trial_image: autoDraw = True
1275.3912 	EXP 	eyetracker.setRecordingState(False)
1275.3957 	DATA 	Keypress: left
1275.4040 	EXP 	trial_image: autoDraw = False
1275.8886 	EXP 	window1: mouseVisible = True
1275.9039 	EXP 	slider: markerPos = None
1275.9039 	EXP 	slider: markerPos = None
1275.9039 	EXP 	slider: autoDraw = True
1275.9039 	EXP 	hourglass: autoDraw = True
1276.9040 	EXP 	hourglass: autoDraw = False
1276.9040 	EXP 	hourglass_2: autoDraw = True
1277.9039 	EXP 	hourglass_2: autoDraw = False
1277.9039 	EXP 	hourglass_3: autoDraw = True
1277.9404 	DATA 	Mouse: Left button down, pos=(1235,442)
1277.9706 	EXP 	slider: markerPos = 4.018518567085266
1277.9873 	EXP 	slider: markerPos = 4.018518567085266
1278.0040 	EXP 	slider: markerPos = 4.018518567085266
1278.0206 	EXP 	slider: markerPos = 4.018518567085266
1278.0373 	EXP 	slider: markerPos = 4.018518567085266
1278.0540 	EXP 	slider: markerPos = 4.018518567085266
1278.0552 	DATA 	Mouse:  Left button up, pos=(1235,442)
1278.0706 	EXP 	slider: markerPos = 4.018518567085266
1278.0753 	EXP 	window1: mouseVisible = False
1278.0774 	EXP 	New trial (rep=0, index=69): OrderedDict([('t_image', 'stimuli/0069.jpg'), ('t_target', 'targets/fork.jpg'), ('is_target_present', 1)])
1278.1187 	EXP 	eyetracker.clearEvents()
1278.6201 	EXP 	eyetracker.setRecordingState(True)
1278.6379 	EXP 	slider: autoDraw = False
1278.6379 	EXP 	hourglass: autoDraw = False
1278.6379 	EXP 	hourglass_2: autoDraw = False
1278.6379 	EXP 	hourglass_3: autoDraw = False
1278.6379 	EXP 	hourglass_4: autoDraw = False
1278.6379 	EXP 	text: autoDraw = False
1278.6379 	EXP 	trial_target: image = 'targets/fork.jpg'
1278.6379 	EXP 	trial_target: image = 'targets/can.jpg'
1278.6540 	EXP 	trial_target: autoDraw = True
1279.6540 	EXP 	trial_target: autoDraw = False
1279.6540 	EXP 	trial_target: autoDraw = False
1279.6540 	EXP 	fixationCross: autoDraw = True
1281.0878 	EXP 	fixationCross: autoDraw = False
1281.0878 	EXP 	fixationCross: autoDraw = False
1281.0878 	EXP 	trial_image: image = 'stimuli/0002.jpg'
1281.0878 	EXP 	trial_image: autoDraw = True
1293.1897 	EXP 	eyetracker.setRecordingState(False)
1293.2042 	EXP 	trial_image: autoDraw = False
1293.5885 	DATA 	Keypress: left
1293.6888 	EXP 	window1: mouseVisible = True
1293.7042 	EXP 	slider: markerPos = None
1293.7042 	EXP 	slider: markerPos = None
1293.7042 	EXP 	slider: autoDraw = True
1293.7042 	EXP 	hourglass: autoDraw = True
1294.6875 	EXP 	hourglass_2: autoDraw = True
1294.7042 	EXP 	hourglass: autoDraw = False
1295.6875 	EXP 	hourglass_2: autoDraw = False
1295.6875 	EXP 	hourglass_3: autoDraw = True
1296.1070 	DATA 	Mouse: Left button down, pos=(1235,442)
1296.1375 	EXP 	slider: markerPos = 4.018518567085266
1296.1542 	EXP 	slider: markerPos = 4.018518567085266
1296.1709 	EXP 	slider: markerPos = 4.018518567085266
1296.1788 	DATA 	Mouse:  Left button up, pos=(1235,442)
1296.1875 	EXP 	slider: markerPos = 4.018518567085266
1296.2042 	EXP 	slider: markerPos = 4.018518567085266
1296.2088 	EXP 	window1: mouseVisible = False
1296.2208 	EXP 	slider: autoDraw = False
1296.2208 	EXP 	hourglass: autoDraw = False
1296.2208 	EXP 	hourglass_2: autoDraw = False
1296.2208 	EXP 	hourglass_3: autoDraw = False
1296.2208 	EXP 	hourglass_4: autoDraw = False
1296.2208 	EXP 	text: autoDraw = True
1323.8239 	DATA 	Mouse: Left button down, pos=(1235,442)
1323.8465 	EXP 	Created calibrationTarget = ShapeStim(__class__=<class 'psychopy.visual.shape.ShapeStim'>, anchor=('center', 'center'), autoDraw=False, autoLog=True, closeShape=True, color=method-wrapper(...), colorSpace='rgb', contrast=None, depth=0, fillColor=array([0, 0, 0]), fillColorSpace='rgb', fillRGB=array([0, 0, 0]), interpolate=True, lineColor=array([-1., -1., -1.]), lineColorSpace='rgb', lineRGB=array([-1, -1, -1]), lineWidth=2.0, name='calibrationTarget', opacity=1.0, ori=0.0, pos=array([0., 0.]), size=array([0., 0.]), units='height', vertices=ndarray(...), win=Window(...), windingRule=None)
1323.8533 	EXP 	Created calibrationTargetInner = ShapeStim(__class__=<class 'psychopy.visual.shape.ShapeStim'>, anchor=('center', 'center'), autoDraw=False, autoLog=True, closeShape=True, color=method-wrapper(...), colorSpace='rgb', contrast=None, depth=0, fillColor=array([-1.        ,  0.00392157, -1.        ]), fillColorSpace='rgb', fillRGB=array([-1.        ,  0.00392157, -1.        ]), interpolate=True, lineColor=array([-1., -1., -1.]), lineColorSpace='rgb', lineRGB=array([-1, -1, -1]), lineWidth=2.0, name='calibrationTargetInner', opacity=1.0, ori=0.0, pos=array([0., 0.]), size=array([0., 0.]), units='height', vertices=ndarray(...), win=Window(...), windingRule=None)
1349.3893 	DATA 	Mouse:  Left button up, pos=(1235,442)
1349.3992 	EXP 	text: autoDraw = False
1349.4003 	EXP 	New trial (rep=0, index=70): OrderedDict([('t_image', 'stimuli/0070.jpg'), ('t_target', 'targets/lemon.jpg'), ('is_target_present', 0)])
1349.5731 	EXP 	eyetracker.clearEvents()
1350.0749 	EXP 	eyetracker.setRecordingState(True)
1350.1279 	EXP 	trial_target: image = 'targets/lemon.jpg'
1350.1279 	EXP 	trial_target: image = 'targets/hard_drive.jpg'
1350.1548 	EXP 	trial_target: autoDraw = True
1351.1545 	EXP 	trial_target: autoDraw = False
1351.1545 	EXP 	trial_target: autoDraw = False
1351.1545 	EXP 	fixationCross: autoDraw = True
1353.0050 	EXP 	fixationCross: autoDraw = False
1353.0050 	EXP 	fixationCross: autoDraw = False
1353.0050 	EXP 	trial_image: image = 'stimuli/0067.jpg'
1353.0050 	EXP 	trial_image: autoDraw = True
1357.0930 	EXP 	eyetracker.setRecordingState(False)
1357.0939 	DATA 	Keypress: right
1357.1045 	EXP 	trial_image: autoDraw = False
1357.5892 	EXP 	window1: mouseVisible = True
1357.6045 	EXP 	slider: markerPos = None
1357.6045 	EXP 	slider: markerPos = None
1357.6045 	EXP 	slider: autoDraw = True
1357.6045 	EXP 	hourglass: autoDraw = True
1358.5879 	EXP 	hourglass_2: autoDraw = True
1358.6045 	EXP 	hourglass: autoDraw = False
1359.1742 	DATA 	Mouse: Left button down, pos=(1235,442)
1359.2046 	EXP 	slider: markerPos = 4.018518567085266
1359.2212 	EXP 	slider: markerPos = 4.018518567085266
1359.2379 	EXP 	slider: markerPos = 4.018518567085266
1359.2545 	EXP 	slider: markerPos = 4.018518567085266
1359.2712 	EXP 	slider: markerPos = 4.018518567085266
1359.2720 	DATA 	Mouse:  Left button up, pos=(1235,442)
1359.2879 	EXP 	slider: markerPos = 4.018518567085266
1359.2925 	EXP 	window1: mouseVisible = False
1359.2944 	EXP 	New trial (rep=0, index=71): OrderedDict([('t_image', 'stimuli/0071.jpg'), ('t_target', 'targets/kitchen_towel.jpg'), ('is_target_present', 1)])
1359.3599 	EXP 	eyetracker.clearEvents()
1359.8614 	EXP 	eyetracker.setRecordingState(True)
1359.8717 	EXP 	slider: autoDraw = False
1359.8717 	EXP 	hourglass: autoDraw = False
1359.8717 	EXP 	hourglass_2: autoDraw = False
1359.8717 	EXP 	hourglass_3: autoDraw = False
1359.8717 	EXP 	hourglass_4: autoDraw = False
1359.8717 	EXP 	text: autoDraw = False
1359.8717 	EXP 	trial_target: image = 'targets/kitchen_towel.jpg'
1359.8717 	EXP 	trial_target: image = 'targets/a_glass.jpg'
1359.8879 	EXP 	trial_target: autoDraw = True
1360.8879 	EXP 	trial_target: autoDraw = False
1360.8879 	EXP 	trial_target: autoDraw = False
1360.8879 	EXP 	fixationCross: autoDraw = True
1362.9386 	EXP 	fixationCross: autoDraw = False
1362.9386 	EXP 	fixationCross: autoDraw = False
1362.9386 	EXP 	trial_image: image = 'stimuli/0060.jpg'
1362.9386 	EXP 	trial_image: autoDraw = True
1367.7584 	EXP 	eyetracker.setRecordingState(False)
1367.7593 	DATA 	Keypress: left
1367.7711 	EXP 	trial_image: autoDraw = False
1368.2559 	EXP 	window1: mouseVisible = True
1368.2712 	EXP 	slider: markerPos = None
1368.2712 	EXP 	slider: markerPos = None
1368.2712 	EXP 	slider: autoDraw = True
1368.2712 	EXP 	hourglass: autoDraw = True
1369.2711 	EXP 	hourglass: autoDraw = False
1369.2711 	EXP 	hourglass_2: autoDraw = True
1369.9242 	DATA 	Mouse: Left button down, pos=(1351,437)
1369.9546 	EXP 	slider: markerPos = 4.448148131370544
1369.9712 	EXP 	slider: markerPos = 4.448148131370544
1369.9879 	EXP 	slider: markerPos = 4.448148131370544
1369.9954 	DATA 	Mouse:  Left button up, pos=(1351,437)
1370.0046 	EXP 	slider: markerPos = 4.448148131370544
1370.0213 	EXP 	slider: markerPos = 4.448148131370544
1370.0259 	EXP 	window1: mouseVisible = False
1370.0284 	EXP 	New trial (rep=0, index=72): OrderedDict([('t_image', 'stimuli/0072.jpg'), ('t_target', 'targets/kitchen_towel.jpg'), ('is_target_present', 0)])
1370.2063 	EXP 	eyetracker.clearEvents()
1370.7084 	EXP 	eyetracker.setRecordingState(True)
1370.7219 	EXP 	slider: autoDraw = False
1370.7219 	EXP 	hourglass: autoDraw = False
1370.7219 	EXP 	hourglass_2: autoDraw = False
1370.7219 	EXP 	hourglass_3: autoDraw = False
1370.7219 	EXP 	hourglass_4: autoDraw = False
1370.7219 	EXP 	text: autoDraw = False
1370.7219 	EXP 	trial_target: image = 'targets/kitchen_towel.jpg'
1370.7219 	EXP 	trial_target: image = 'targets/wallet.jpg'
1370.7379 	EXP 	trial_target: autoDraw = True
1371.7380 	EXP 	trial_target: autoDraw = False
1371.7380 	EXP 	trial_target: autoDraw = False
1371.7380 	EXP 	fixationCross: autoDraw = True
1373.2546 	EXP 	fixationCross: autoDraw = False
1373.2546 	EXP 	fixationCross: autoDraw = False
1373.2546 	EXP 	trial_image: image = 'stimuli/0065.jpg'
1373.2546 	EXP 	trial_image: autoDraw = True
1380.7095 	EXP 	eyetracker.setRecordingState(False)
1380.7104 	DATA 	Keypress: right
1380.7212 	EXP 	trial_image: autoDraw = False
1381.2062 	EXP 	window1: mouseVisible = True
1381.2212 	EXP 	slider: markerPos = None
1381.2212 	EXP 	slider: markerPos = None
1381.2212 	EXP 	slider: autoDraw = True
1381.2212 	EXP 	hourglass: autoDraw = True
1382.2212 	EXP 	hourglass: autoDraw = False
1382.2212 	EXP 	hourglass_2: autoDraw = True
1383.2212 	EXP 	hourglass_2: autoDraw = False
1383.2212 	EXP 	hourglass_3: autoDraw = True
1383.9892 	DATA 	Mouse: Left button down, pos=(1372,435)
1384.0046 	EXP 	slider: markerPos = 4.525925874710083
1384.0212 	EXP 	slider: markerPos = 4.525925874710083
1384.0379 	EXP 	slider: markerPos = 4.525925874710083
1384.0546 	EXP 	slider: markerPos = 4.525925874710083
1384.0712 	EXP 	slider: markerPos = 4.525925874710083
1384.0880 	EXP 	slider: markerPos = 4.525925874710083
1384.0887 	DATA 	Mouse:  Left button up, pos=(1372,435)
1384.1046 	EXP 	slider: markerPos = 4.525925874710083
1384.1092 	EXP 	window1: mouseVisible = False
1384.1111 	EXP 	New trial (rep=0, index=73): OrderedDict([('t_image', 'stimuli/0073.jpg'), ('t_target', 'targets/teapot.jpg'), ('is_target_present', 1)])
1384.2037 	EXP 	eyetracker.clearEvents()
1384.7059 	EXP 	eyetracker.setRecordingState(True)
1384.7219 	EXP 	slider: autoDraw = False
1384.7219 	EXP 	hourglass: autoDraw = False
1384.7219 	EXP 	hourglass_2: autoDraw = False
1384.7219 	EXP 	hourglass_3: autoDraw = False
1384.7219 	EXP 	hourglass_4: autoDraw = False
1384.7219 	EXP 	text: autoDraw = False
1384.7219 	EXP 	trial_target: image = 'targets/teapot.jpg'
1384.7219 	EXP 	trial_target: image = 'targets/allen_key.jpg'
1384.7380 	EXP 	trial_target: autoDraw = True
1385.7380 	EXP 	trial_target: autoDraw = False
1385.7380 	EXP 	trial_target: autoDraw = False
1385.7380 	EXP 	fixationCross: autoDraw = True
1387.3550 	EXP 	fixationCross: autoDraw = False
1387.3550 	EXP 	fixationCross: autoDraw = False
1387.3550 	EXP 	trial_image: image = 'stimuli/0066.jpg'
1387.3550 	EXP 	trial_image: autoDraw = True
1397.7918 	EXP 	eyetracker.setRecordingState(False)
1397.7927 	DATA 	Keypress: left
1397.8046 	EXP 	trial_image: autoDraw = False
1398.2895 	EXP 	window1: mouseVisible = True
1398.3046 	EXP 	slider: markerPos = None
1398.3046 	EXP 	slider: markerPos = None
1398.3046 	EXP 	slider: autoDraw = True
1398.3046 	EXP 	hourglass: autoDraw = True
1399.0888 	DATA 	Mouse: Left button down, pos=(1372,435)
1399.1047 	EXP 	slider: markerPos = 4.525925874710083
1399.1213 	EXP 	slider: markerPos = 4.525925874710083
1399.1380 	EXP 	slider: markerPos = 4.525925874710083
1399.1547 	EXP 	slider: markerPos = 4.525925874710083
1399.1555 	DATA 	Mouse:  Left button up, pos=(1372,435)
1399.1714 	EXP 	slider: markerPos = 4.525925874710083
1399.1759 	EXP 	window1: mouseVisible = False
1399.1778 	EXP 	New trial (rep=0, index=74): OrderedDict([('t_image', 'stimuli/0074.jpg'), ('t_target', 'targets/spatula.jpg'), ('is_target_present', 0)])
1399.4080 	EXP 	eyetracker.clearEvents()
1399.9092 	EXP 	eyetracker.setRecordingState(True)
1399.9222 	EXP 	slider: autoDraw = False
1399.9222 	EXP 	hourglass: autoDraw = False
1399.9222 	EXP 	hourglass_2: autoDraw = False
1399.9222 	EXP 	hourglass_3: autoDraw = False
1399.9222 	EXP 	hourglass_4: autoDraw = False
1399.9222 	EXP 	text: autoDraw = False
1399.9222 	EXP 	trial_target: image = 'targets/spatula.jpg'
1399.9222 	EXP 	trial_target: image = 'targets/kitchen_towel.jpg'
1399.9381 	EXP 	trial_target: autoDraw = True
1400.9380 	EXP 	trial_target: autoDraw = False
1400.9380 	EXP 	trial_target: autoDraw = False
1400.9380 	EXP 	fixationCross: autoDraw = True
1402.6220 	EXP 	fixationCross: autoDraw = False
1402.6220 	EXP 	fixationCross: autoDraw = False
1402.6220 	EXP 	trial_image: image = 'stimuli/0068.jpg'
1402.6220 	EXP 	trial_image: autoDraw = True
1407.4255 	EXP 	eyetracker.setRecordingState(False)
1407.4264 	DATA 	Keypress: left
1407.4380 	EXP 	trial_image: autoDraw = False
1407.9228 	EXP 	window1: mouseVisible = True
1407.9547 	EXP 	slider: markerPos = None
1407.9547 	EXP 	slider: markerPos = None
1407.9547 	EXP 	slider: autoDraw = True
1407.9547 	EXP 	hourglass: autoDraw = True
1408.9381 	EXP 	hourglass_2: autoDraw = True
1408.9547 	EXP 	hourglass: autoDraw = False
1409.1056 	DATA 	Mouse: Left button down, pos=(1486,439)
1409.1214 	EXP 	slider: markerPos = 4.948148131370544
1409.1381 	EXP 	slider: markerPos = 4.948148131370544
1409.1547 	EXP 	slider: markerPos = 4.948148131370544
1409.1714 	EXP 	slider: markerPos = 4.948148131370544
1409.1880 	EXP 	slider: markerPos = 4.948148131370544
1409.1888 	DATA 	Mouse:  Left button up, pos=(1486,439)
1409.2047 	EXP 	slider: markerPos = 4.948148131370544
1409.2094 	EXP 	window1: mouseVisible = False
1409.2114 	EXP 	New trial (rep=0, index=75): OrderedDict([('t_image', 'stimuli/0075.jpg'), ('t_target', 'targets/remote.jpg'), ('is_target_present', 1)])
1409.3171 	EXP 	eyetracker.clearEvents()
1409.8192 	EXP 	eyetracker.setRecordingState(True)
1409.8387 	EXP 	slider: autoDraw = False
1409.8387 	EXP 	hourglass: autoDraw = False
1409.8387 	EXP 	hourglass_2: autoDraw = False
1409.8387 	EXP 	hourglass_3: autoDraw = False
1409.8387 	EXP 	hourglass_4: autoDraw = False
1409.8387 	EXP 	text: autoDraw = False
1409.8387 	EXP 	trial_target: image = 'targets/remote.jpg'
1409.8387 	EXP 	trial_target: image = 'targets/fork.jpg'
1409.8548 	EXP 	trial_target: autoDraw = True
1410.8548 	EXP 	trial_target: autoDraw = False
1410.8548 	EXP 	trial_target: autoDraw = False
1410.8548 	EXP 	fixationCross: autoDraw = True
1413.5398 	EXP 	fixationCross: autoDraw = False
1413.5398 	EXP 	fixationCross: autoDraw = False
1413.5398 	EXP 	trial_image: image = 'stimuli/0069.jpg'
1413.5398 	EXP 	trial_image: autoDraw = True
1420.9922 	EXP 	eyetracker.setRecordingState(False)
1420.9932 	DATA 	Keypress: right
1421.0047 	EXP 	trial_image: autoDraw = False
1421.4896 	EXP 	window1: mouseVisible = True
1421.5220 	EXP 	slider: markerPos = None
1421.5220 	EXP 	slider: markerPos = None
1421.5220 	EXP 	slider: autoDraw = True
1421.5220 	EXP 	hourglass: autoDraw = True
1422.5047 	EXP 	hourglass_2: autoDraw = True
1422.5214 	EXP 	hourglass: autoDraw = False
1422.5723 	DATA 	Mouse: Left button down, pos=(1502,434)
1422.5881 	EXP 	slider: markerPos = 5.0074074268341064
1422.6047 	EXP 	slider: markerPos = 5.0074074268341064
1422.6214 	EXP 	slider: markerPos = 5.0074074268341064
1422.6381 	EXP 	slider: markerPos = 5.0074074268341064
1422.6547 	EXP 	slider: markerPos = 5.0074074268341064
1422.6714 	EXP 	slider: markerPos = 5.0074074268341064
1422.6725 	DATA 	Mouse:  Left button up, pos=(1502,434)
1422.6881 	EXP 	slider: markerPos = 5
1422.6929 	EXP 	window1: mouseVisible = False
1422.6949 	EXP 	New trial (rep=0, index=76): OrderedDict([('t_image', 'stimuli/0076.jpg'), ('t_target', 'targets/bottle.jpg'), ('is_target_present', 0)])
1422.9996 	EXP 	eyetracker.clearEvents()
1423.5003 	EXP 	eyetracker.setRecordingState(True)
1423.5055 	EXP 	slider: autoDraw = False
1423.5055 	EXP 	hourglass: autoDraw = False
1423.5055 	EXP 	hourglass_2: autoDraw = False
1423.5055 	EXP 	hourglass_3: autoDraw = False
1423.5055 	EXP 	hourglass_4: autoDraw = False
1423.5055 	EXP 	text: autoDraw = False
1423.5055 	EXP 	trial_target: image = 'targets/bottle.jpg'
1423.5055 	EXP 	trial_target: image = 'targets/cellphone.jpg'
1423.5215 	EXP 	trial_target: autoDraw = True
1424.5218 	EXP 	trial_target: autoDraw = False
1424.5218 	EXP 	trial_target: autoDraw = False
1424.5218 	EXP 	fixationCross: autoDraw = True
1426.5053 	EXP 	fixationCross: autoDraw = False
1426.5053 	EXP 	fixationCross: autoDraw = False
1426.5053 	EXP 	trial_image: image = 'stimuli/0064.jpg'
1426.5053 	EXP 	trial_image: autoDraw = True
1432.9264 	EXP 	eyetracker.setRecordingState(False)
1432.9274 	DATA 	Keypress: right
1432.9381 	EXP 	trial_image: autoDraw = False
1433.4229 	EXP 	window1: mouseVisible = True
1433.4381 	EXP 	slider: markerPos = None
1433.4381 	EXP 	slider: markerPos = None
1433.4381 	EXP 	slider: autoDraw = True
1433.4381 	EXP 	hourglass: autoDraw = True
1434.4215 	EXP 	hourglass_2: autoDraw = True
1434.4382 	EXP 	hourglass: autoDraw = False
1435.2226 	DATA 	Mouse: Left button down, pos=(1499,441)
1435.2381 	EXP 	slider: markerPos = 4.996296286582947
1435.2548 	EXP 	slider: markerPos = 4.996296286582947
1435.2715 	EXP 	slider: markerPos = 4.996296286582947
1435.2794 	DATA 	Mouse:  Left button up, pos=(1499,441)
1435.2881 	EXP 	slider: markerPos = 4.996296286582947
1435.3048 	EXP 	slider: markerPos = 4.996296286582947
1435.3095 	EXP 	window1: mouseVisible = False
1435.3114 	EXP 	New trial (rep=0, index=77): OrderedDict([('t_image', 'stimuli/0077.jpg'), ('t_target', 'targets/cup.jpg'), ('is_target_present', 1)])
1435.4129 	EXP 	eyetracker.clearEvents()
1435.9141 	EXP 	eyetracker.setRecordingState(True)
1435.9220 	EXP 	slider: autoDraw = False
1435.9220 	EXP 	hourglass: autoDraw = False
1435.9220 	EXP 	hourglass_2: autoDraw = False
1435.9220 	EXP 	hourglass_3: autoDraw = False
1435.9220 	EXP 	hourglass_4: autoDraw = False
1435.9220 	EXP 	text: autoDraw = False
1435.9220 	EXP 	trial_target: image = 'targets/cup.jpg'
1435.9220 	EXP 	trial_target: image = 'targets/mouse.jpg'
1435.9382 	EXP 	trial_target: autoDraw = True
1436.9381 	EXP 	trial_target: autoDraw = False
1436.9381 	EXP 	trial_target: autoDraw = False
1436.9381 	EXP 	fixationCross: autoDraw = True
1438.2885 	EXP 	fixationCross: autoDraw = False
1438.2885 	EXP 	fixationCross: autoDraw = False
1438.2885 	EXP 	trial_image: image = 'stimuli/0061.jpg'
1438.2885 	EXP 	trial_image: autoDraw = True
1441.4931 	EXP 	eyetracker.setRecordingState(False)
1441.4940 	DATA 	Keypress: right
1441.5049 	EXP 	trial_image: autoDraw = False
1441.9897 	EXP 	window1: mouseVisible = True
1442.0048 	EXP 	slider: markerPos = None
1442.0048 	EXP 	slider: markerPos = None
1442.0048 	EXP 	slider: autoDraw = True
1442.0048 	EXP 	hourglass: autoDraw = True
1442.4224 	DATA 	Mouse: Left button down, pos=(1499,441)
1442.4382 	EXP 	slider: markerPos = 4.996296286582947
1442.4548 	EXP 	slider: markerPos = 4.996296286582947
1442.4625 	DATA 	Mouse:  Left button up, pos=(1499,441)
1442.4715 	EXP 	slider: markerPos = 4.996296286582947
1442.4882 	EXP 	slider: markerPos = 4.996296286582947
1442.4928 	EXP 	window1: mouseVisible = False
1442.4947 	EXP 	New trial (rep=0, index=78): OrderedDict([('t_image', 'stimuli/0078.jpg'), ('t_target', 'targets/cup.jpg'), ('is_target_present', 0)])
1442.5416 	EXP 	eyetracker.clearEvents()
1443.0432 	EXP 	eyetracker.setRecordingState(True)
1443.0551 	EXP 	slider: autoDraw = False
1443.0551 	EXP 	hourglass: autoDraw = False
1443.0551 	EXP 	hourglass_2: autoDraw = False
1443.0551 	EXP 	hourglass_3: autoDraw = False
1443.0551 	EXP 	hourglass_4: autoDraw = False
1443.0551 	EXP 	text: autoDraw = False
1443.0551 	EXP 	trial_target: image = 'targets/cup.jpg'
1443.0551 	EXP 	trial_target: image = 'targets/sock.jpg'
1443.0716 	EXP 	trial_target: autoDraw = True
1444.0715 	EXP 	trial_target: autoDraw = False
1444.0715 	EXP 	trial_target: autoDraw = False
1444.0715 	EXP 	fixationCross: autoDraw = True
1445.4719 	EXP 	fixationCross: autoDraw = False
1445.4719 	EXP 	fixationCross: autoDraw = False
1445.4719 	EXP 	trial_image: image = 'stimuli/0062.jpg'
1445.4719 	EXP 	trial_image: autoDraw = True
1451.4083 	DATA 	Keypress: right
1451.9251 	EXP 	eyetracker.setRecordingState(False)
1451.9382 	EXP 	trial_image: autoDraw = False
1452.4229 	EXP 	window1: mouseVisible = True
1452.4382 	EXP 	slider: markerPos = None
1452.4382 	EXP 	slider: markerPos = None
1452.4382 	EXP 	slider: autoDraw = True
1452.4382 	EXP 	hourglass: autoDraw = True
1453.4216 	EXP 	hourglass_2: autoDraw = True
1453.4382 	EXP 	hourglass: autoDraw = False
1454.2730 	DATA 	Mouse: Left button down, pos=(966,443)
1454.2882 	EXP 	slider: markerPos = 3.0222222227603197
1454.3049 	EXP 	slider: markerPos = 3.0222222227603197
1454.3216 	EXP 	slider: markerPos = 3.0222222227603197
1454.3382 	EXP 	slider: markerPos = 3.0222222227603197
1454.3549 	EXP 	slider: markerPos = 3.0222222227603197
1454.3716 	EXP 	slider: markerPos = 3.0222222227603197
1454.3728 	DATA 	Mouse:  Left button up, pos=(966,443)
1454.3882 	EXP 	slider: markerPos = 3.0222222227603197
1454.3929 	EXP 	window1: mouseVisible = False
1454.3949 	EXP 	New trial (rep=0, index=79): OrderedDict([('t_image', 'stimuli/0079.jpg'), ('t_target', 'targets/mouse.jpg'), ('is_target_present', 1)])
1454.5125 	EXP 	eyetracker.clearEvents()
1455.0135 	EXP 	eyetracker.setRecordingState(True)
1455.0219 	EXP 	slider: autoDraw = False
1455.0219 	EXP 	hourglass: autoDraw = False
1455.0219 	EXP 	hourglass_2: autoDraw = False
1455.0219 	EXP 	hourglass_3: autoDraw = False
1455.0219 	EXP 	hourglass_4: autoDraw = False
1455.0219 	EXP 	text: autoDraw = False
1455.0219 	EXP 	trial_target: image = 'targets/mouse.jpg'
1455.0219 	EXP 	trial_target: image = 'targets/scissors.jpg'
1455.0383 	EXP 	trial_target: autoDraw = True
1456.0383 	EXP 	trial_target: autoDraw = False
1456.0383 	EXP 	trial_target: autoDraw = False
1456.0383 	EXP 	fixationCross: autoDraw = True
1457.4553 	EXP 	fixationCross: autoDraw = False
1457.4553 	EXP 	fixationCross: autoDraw = False
1457.4553 	EXP 	trial_image: image = 'stimuli/0063.jpg'
1457.4553 	EXP 	trial_image: autoDraw = True
1466.5435 	EXP 	eyetracker.setRecordingState(False)
1466.5444 	DATA 	Keypress: left
1466.5550 	EXP 	trial_image: autoDraw = False
1467.0397 	EXP 	window1: mouseVisible = True
1467.0550 	EXP 	slider: markerPos = None
1467.0550 	EXP 	slider: markerPos = None
1467.0550 	EXP 	slider: autoDraw = True
1467.0550 	EXP 	hourglass: autoDraw = True
1468.0384 	EXP 	hourglass_2: autoDraw = True
1468.0550 	EXP 	hourglass: autoDraw = False
1468.9563 	DATA 	Mouse: Left button down, pos=(1229,428)
1468.9718 	EXP 	slider: markerPos = 3.9962962865829468
1468.9885 	EXP 	slider: markerPos = 3.9962962865829468
1469.0051 	EXP 	slider: markerPos = 3.9962962865829468
1469.0218 	EXP 	slider: markerPos = 3.9962962865829468
1469.0384 	EXP 	hourglass_2: autoDraw = False
1469.0384 	EXP 	hourglass_3: autoDraw = True
1469.0384 	EXP 	slider: markerPos = 3.9962962865829468
1469.0551 	EXP 	slider: markerPos = 3.9962962865829468
1469.0628 	DATA 	Mouse:  Left button up, pos=(1229,428)
1469.0718 	EXP 	slider: markerPos = 3.9962962865829468
1469.0885 	EXP 	slider: markerPos = 3.9962962865829468
1469.0933 	EXP 	window1: mouseVisible = False
1469.1051 	EXP 	slider: autoDraw = False
1469.1051 	EXP 	hourglass: autoDraw = False
1469.1051 	EXP 	hourglass_2: autoDraw = False
1469.1051 	EXP 	hourglass_3: autoDraw = False
1469.1051 	EXP 	hourglass_4: autoDraw = False
1469.1051 	EXP 	text: autoDraw = True
1488.8912 	DATA 	Mouse: Left button down, pos=(1227,428)
1488.9136 	EXP 	Created calibrationTarget = ShapeStim(__class__=<class 'psychopy.visual.shape.ShapeStim'>, anchor=('center', 'center'), autoDraw=False, autoLog=True, closeShape=True, color=method-wrapper(...), colorSpace='rgb', contrast=None, depth=0, fillColor=array([0, 0, 0]), fillColorSpace='rgb', fillRGB=array([0, 0, 0]), interpolate=True, lineColor=array([-1., -1., -1.]), lineColorSpace='rgb', lineRGB=array([-1, -1, -1]), lineWidth=2.0, name='calibrationTarget', opacity=1.0, ori=0.0, pos=array([0., 0.]), size=array([0., 0.]), units='height', vertices=ndarray(...), win=Window(...), windingRule=None)
1488.9199 	EXP 	Created calibrationTargetInner = ShapeStim(__class__=<class 'psychopy.visual.shape.ShapeStim'>, anchor=('center', 'center'), autoDraw=False, autoLog=True, closeShape=True, color=method-wrapper(...), colorSpace='rgb', contrast=None, depth=0, fillColor=array([-1.        ,  0.00392157, -1.        ]), fillColorSpace='rgb', fillRGB=array([-1.        ,  0.00392157, -1.        ]), interpolate=True, lineColor=array([-1., -1., -1.]), lineColorSpace='rgb', lineRGB=array([-1, -1, -1]), lineWidth=2.0, name='calibrationTargetInner', opacity=1.0, ori=0.0, pos=array([0., 0.]), size=array([0., 0.]), units='height', vertices=ndarray(...), win=Window(...), windingRule=None)
1493.6812 	DATA 	Mouse:  Left button up, pos=(1227,428)
1493.6880 	EXP 	text: autoDraw = False
1493.6898 	EXP 	New trial (rep=0, index=80): OrderedDict([('t_image', 'stimuli/0080.jpg'), ('t_target', 'targets/sponge.jpg'), ('is_target_present', 0)])
1493.7698 	EXP 	eyetracker.clearEvents()
1494.2706 	EXP 	eyetracker.setRecordingState(True)
1494.3291 	EXP 	trial_target: image = 'targets/sponge.jpg'
1494.3291 	EXP 	trial_target: image = 'targets/glue.jpg'
1494.3553 	EXP 	trial_target: autoDraw = True
1495.3553 	EXP 	trial_target: autoDraw = False
1495.3553 	EXP 	trial_target: autoDraw = False
1495.3553 	EXP 	fixationCross: autoDraw = True
1496.6720 	EXP 	fixationCross: autoDraw = False
1496.6720 	EXP 	fixationCross: autoDraw = False
1496.6720 	EXP 	trial_image: image = 'stimuli/0049.jpg'
1496.6720 	EXP 	trial_image: autoDraw = True
1502.0760 	EXP 	eyetracker.setRecordingState(False)
1502.0769 	DATA 	Keypress: right
1502.0886 	EXP 	trial_image: autoDraw = False
1502.5734 	EXP 	window1: mouseVisible = True
1502.5886 	EXP 	slider: markerPos = None
1502.5886 	EXP 	slider: markerPos = None
1502.5886 	EXP 	slider: autoDraw = True
1502.5886 	EXP 	hourglass: autoDraw = True
1503.5720 	EXP 	hourglass_2: autoDraw = True
1503.5887 	EXP 	hourglass: autoDraw = False
1503.9899 	DATA 	Mouse: Left button down, pos=(1227,428)
1504.0053 	EXP 	slider: markerPos = 3.9888888597488403
1504.0220 	EXP 	slider: markerPos = 3.9888888597488403
1504.0387 	EXP 	slider: markerPos = 3.9888888597488403
1504.0553 	EXP 	slider: markerPos = 3.9888888597488403
1504.0720 	EXP 	slider: markerPos = 3.9888888597488403
1504.0730 	DATA 	Mouse:  Left button up, pos=(1227,428)
1504.0887 	EXP 	slider: markerPos = 3.9888888597488403
1504.0934 	EXP 	window1: mouseVisible = False
1504.0954 	EXP 	New trial (rep=0, index=81): OrderedDict([('t_image', 'stimuli/0081.jpg'), ('t_target', 'targets/liquid_soap.jpg'), ('is_target_present', 1)])
1504.4790 	EXP 	eyetracker.clearEvents()
1504.9803 	EXP 	eyetracker.setRecordingState(True)
1504.9896 	EXP 	slider: autoDraw = False
1504.9896 	EXP 	hourglass: autoDraw = False
1504.9896 	EXP 	hourglass_2: autoDraw = False
1504.9896 	EXP 	hourglass_3: autoDraw = False
1504.9896 	EXP 	hourglass_4: autoDraw = False
1504.9896 	EXP 	text: autoDraw = False
1504.9896 	EXP 	trial_target: image = 'targets/liquid_soap.jpg'
1504.9896 	EXP 	trial_target: image = 'targets/scissors.jpg'
1505.0053 	EXP 	trial_target: autoDraw = True
1506.0053 	EXP 	trial_target: autoDraw = False
1506.0053 	EXP 	trial_target: autoDraw = False
1506.0053 	EXP 	fixationCross: autoDraw = True
1507.1723 	EXP 	fixationCross: autoDraw = False
1507.1723 	EXP 	fixationCross: autoDraw = False
1507.1723 	EXP 	trial_image: image = 'stimuli/0040.jpg'
1507.1723 	EXP 	trial_image: autoDraw = True
1516.2093 	EXP 	eyetracker.setRecordingState(False)
1516.2102 	DATA 	Keypress: left
1516.2220 	EXP 	trial_image: autoDraw = False
1516.7068 	EXP 	window1: mouseVisible = True
1516.7220 	EXP 	slider: markerPos = None
1516.7220 	EXP 	slider: markerPos = None
1516.7220 	EXP 	slider: autoDraw = True
1516.7220 	EXP 	hourglass: autoDraw = True
1517.4230 	DATA 	Mouse: Left button down, pos=(1227,428)
1517.4387 	EXP 	slider: markerPos = 3.9888888597488403
1517.4554 	EXP 	slider: markerPos = 3.9888888597488403
1517.4721 	EXP 	slider: markerPos = 3.9888888597488403
1517.4887 	EXP 	slider: markerPos = 3.9888888597488403
1517.4967 	DATA 	Mouse:  Left button up, pos=(1227,428)
1517.5054 	EXP 	slider: markerPos = 3.9888888597488403
1517.5221 	EXP 	slider: markerPos = 3.9888888597488403
1517.5271 	EXP 	window1: mouseVisible = False
1517.5291 	EXP 	New trial (rep=0, index=82): OrderedDict([('t_image', 'stimuli/0082.jpg'), ('t_target', 'targets/stroller.jpg'), ('is_target_present', 0)])
1517.6246 	EXP 	eyetracker.clearEvents()
1518.1260 	EXP 	eyetracker.setRecordingState(True)
1518.1394 	EXP 	slider: autoDraw = False
1518.1394 	EXP 	hourglass: autoDraw = False
1518.1394 	EXP 	hourglass_2: autoDraw = False
1518.1394 	EXP 	hourglass_3: autoDraw = False
1518.1394 	EXP 	hourglass_4: autoDraw = False
1518.1394 	EXP 	text: autoDraw = False
1518.1394 	EXP 	trial_target: image = 'targets/stroller.jpg'
1518.1394 	EXP 	trial_target: image = 'targets/iron.jpg'
1518.1554 	EXP 	trial_target: autoDraw = True
1519.1555 	EXP 	trial_target: autoDraw = False
1519.1555 	EXP 	trial_target: autoDraw = False
1519.1555 	EXP 	fixationCross: autoDraw = True
1520.3557 	EXP 	fixationCross: autoDraw = False
1520.3557 	EXP 	fixationCross: autoDraw = False
1520.3557 	EXP 	trial_image: image = 'stimuli/0045.jpg'
1520.3557 	EXP 	trial_image: autoDraw = True
1526.7091 	EXP 	eyetracker.setRecordingState(False)
1526.7101 	DATA 	Keypress: right
1526.7221 	EXP 	trial_image: autoDraw = False
1527.2070 	EXP 	window1: mouseVisible = True
1527.2222 	EXP 	slider: markerPos = None
1527.2222 	EXP 	slider: markerPos = None
1527.2222 	EXP 	slider: autoDraw = True
1527.2222 	EXP 	hourglass: autoDraw = True
1528.2221 	EXP 	hourglass: autoDraw = False
1528.2221 	EXP 	hourglass_2: autoDraw = True
1528.5566 	DATA 	Mouse: Left button down, pos=(1080,436)
1528.5721 	EXP 	slider: markerPos = 3.4444444477558136
1528.5888 	EXP 	slider: markerPos = 3.4444444477558136
1528.6055 	EXP 	slider: markerPos = 3.4444444477558136
1528.6221 	EXP 	slider: markerPos = 3.4444444477558136
1528.6388 	EXP 	slider: markerPos = 3.4444444477558136
1528.6555 	EXP 	slider: markerPos = 3.4444444477558136
1528.6563 	DATA 	Mouse:  Left button up, pos=(1080,436)
1528.6722 	EXP 	slider: markerPos = 3.4444444477558136
1528.6770 	EXP 	window1: mouseVisible = False
1528.6793 	EXP 	New trial (rep=0, index=83): OrderedDict([('t_image', 'stimuli/0083.jpg'), ('t_target', 'targets/street_lamp.jpg'), ('is_target_present', 1)])
1528.7460 	EXP 	eyetracker.clearEvents()
1529.2477 	EXP 	eyetracker.setRecordingState(True)
1529.2560 	EXP 	slider: autoDraw = False
1529.2560 	EXP 	hourglass: autoDraw = False
1529.2560 	EXP 	hourglass_2: autoDraw = False
1529.2560 	EXP 	hourglass_3: autoDraw = False
1529.2560 	EXP 	hourglass_4: autoDraw = False
1529.2560 	EXP 	text: autoDraw = False
1529.2560 	EXP 	trial_target: image = 'targets/street_lamp.jpg'
1529.2560 	EXP 	trial_target: image = 'targets/headphones.jpg'
1529.2722 	EXP 	trial_target: autoDraw = True
1530.2721 	EXP 	trial_target: autoDraw = False
1530.2721 	EXP 	trial_target: autoDraw = False
1530.2721 	EXP 	fixationCross: autoDraw = True
1531.8060 	EXP 	fixationCross: autoDraw = False
1531.8060 	EXP 	fixationCross: autoDraw = False
1531.8060 	EXP 	trial_image: image = 'stimuli/0044.jpg'
1531.8060 	EXP 	trial_image: autoDraw = True
1540.2109 	EXP 	eyetracker.setRecordingState(False)
1540.2119 	DATA 	Keypress: right
1540.2222 	EXP 	trial_image: autoDraw = False
1540.7069 	EXP 	window1: mouseVisible = True
1540.7222 	EXP 	slider: markerPos = None
1540.7222 	EXP 	slider: markerPos = None
1540.7222 	EXP 	slider: autoDraw = True
1540.7222 	EXP 	hourglass: autoDraw = True
1541.7222 	EXP 	hourglass: autoDraw = False
1541.7222 	EXP 	hourglass_2: autoDraw = True
1542.3067 	DATA 	Mouse: Left button down, pos=(1095,435)
1542.3222 	EXP 	slider: markerPos = 3.5
1542.3389 	EXP 	slider: markerPos = 3.5
1542.3555 	EXP 	slider: markerPos = 3.5
1542.3722 	EXP 	slider: markerPos = 3.5
1542.3798 	DATA 	Mouse:  Left button up, pos=(1095,435)
1542.3889 	EXP 	slider: markerPos = 3.5
1542.4056 	EXP 	slider: markerPos = 3.5
1542.4102 	EXP 	window1: mouseVisible = False
1542.4121 	EXP 	New trial (rep=0, index=84): OrderedDict([('t_image', 'stimuli/0084.jpg'), ('t_target', 'targets/bicycle.jpg'), ('is_target_present', 0)])
1542.4899 	EXP 	eyetracker.clearEvents()
1542.9913 	EXP 	eyetracker.setRecordingState(True)
1543.0059 	EXP 	slider: autoDraw = False
1543.0059 	EXP 	hourglass: autoDraw = False
1543.0059 	EXP 	hourglass_2: autoDraw = False
1543.0059 	EXP 	hourglass_3: autoDraw = False
1543.0059 	EXP 	hourglass_4: autoDraw = False
1543.0059 	EXP 	text: autoDraw = False
1543.0059 	EXP 	trial_target: image = 'targets/bicycle.jpg'
1543.0059 	EXP 	trial_target: image = 'targets/scissors.jpg'
1543.0222 	EXP 	trial_target: autoDraw = True
1544.0222 	EXP 	trial_target: autoDraw = False
1544.0222 	EXP 	trial_target: autoDraw = False
1544.0222 	EXP 	fixationCross: autoDraw = True
1545.5058 	EXP 	fixationCross: autoDraw = False
1545.5058 	EXP 	fixationCross: autoDraw = False
1545.5058 	EXP 	trial_image: image = 'stimuli/0047.jpg'
1545.5058 	EXP 	trial_image: autoDraw = True
1552.3770 	EXP 	eyetracker.setRecordingState(False)
1552.3780 	DATA 	Keypress: right
1552.3889 	EXP 	trial_image: autoDraw = False
1552.8736 	EXP 	window1: mouseVisible = True
1552.8889 	EXP 	slider: markerPos = None
1552.8889 	EXP 	slider: markerPos = None
1552.8889 	EXP 	slider: autoDraw = True
1552.8889 	EXP 	hourglass: autoDraw = True
1553.8723 	EXP 	hourglass_2: autoDraw = True
1553.8891 	EXP 	hourglass: autoDraw = False
1554.4064 	DATA 	Mouse: Left button down, pos=(1502,431)
1554.4223 	EXP 	slider: markerPos = 5.0074074268341064
1554.4389 	EXP 	slider: markerPos = 5.003703594207764
1554.4556 	EXP 	slider: markerPos = 5.003703594207764
1554.4723 	EXP 	slider: markerPos = 5.003703594207764
1554.4889 	EXP 	slider: markerPos = 5.003703594207764
1554.5056 	EXP 	slider: markerPos = 5.003703594207764
1554.5223 	EXP 	slider: markerPos = 5.003703594207764
1554.5234 	DATA 	Mouse:  Left button up, pos=(1501,432)
1554.5390 	EXP 	slider: markerPos = 5
1554.5435 	EXP 	window1: mouseVisible = False
1554.5454 	EXP 	New trial (rep=0, index=85): OrderedDict([('t_image', 'stimuli/0085.jpg'), ('t_target', 'targets/bicycle.jpg'), ('is_target_present', 1)])
1554.5898 	EXP 	eyetracker.clearEvents()
1555.0917 	EXP 	eyetracker.setRecordingState(True)
1555.1063 	EXP 	slider: autoDraw = False
1555.1063 	EXP 	hourglass: autoDraw = False
1555.1063 	EXP 	hourglass_2: autoDraw = False
1555.1063 	EXP 	hourglass_3: autoDraw = False
1555.1063 	EXP 	hourglass_4: autoDraw = False
1555.1063 	EXP 	text: autoDraw = False
1555.1063 	EXP 	trial_target: image = 'targets/bicycle.jpg'
1555.1063 	EXP 	trial_target: image = 'targets/can.jpg'
1555.1223 	EXP 	trial_target: autoDraw = True
1556.1223 	EXP 	trial_target: autoDraw = False
1556.1223 	EXP 	trial_target: autoDraw = False
1556.1223 	EXP 	fixationCross: autoDraw = True
1557.7223 	EXP 	fixationCross: autoDraw = False
1557.7223 	EXP 	fixationCross: autoDraw = False
1557.7223 	EXP 	trial_image: image = 'stimuli/0046.jpg'
1557.7223 	EXP 	trial_image: autoDraw = True
1566.4933 	EXP 	eyetracker.setRecordingState(False)
1566.4942 	DATA 	Keypress: left
1566.5056 	EXP 	trial_image: autoDraw = False
1566.9903 	EXP 	window1: mouseVisible = True
1567.0057 	EXP 	slider: markerPos = None
1567.0057 	EXP 	slider: markerPos = None
1567.0057 	EXP 	slider: autoDraw = True
1567.0057 	EXP 	hourglass: autoDraw = True
1567.9890 	EXP 	hourglass_2: autoDraw = True
1568.0057 	EXP 	hourglass: autoDraw = False
1568.9890 	EXP 	hourglass_2: autoDraw = False
1568.9890 	EXP 	hourglass_3: autoDraw = True
1569.5734 	DATA 	Mouse: Left button down, pos=(1501,432)
1569.5890 	EXP 	slider: markerPos = 5.003703594207764
1569.6057 	EXP 	slider: markerPos = 5.003703594207764
1569.6224 	EXP 	slider: markerPos = 5.003703594207764
1569.6390 	EXP 	slider: markerPos = 5.003703594207764
1569.6557 	EXP 	slider: markerPos = 5.003703594207764
1569.6723 	EXP 	slider: markerPos = 5.003703594207764
1569.6890 	EXP 	slider: markerPos = 5.003703594207764
1569.7057 	EXP 	slider: markerPos = 5.003703594207764
1569.7224 	EXP 	slider: markerPos = 5.003703594207764
1569.7231 	DATA 	Mouse:  Left button up, pos=(1501,432)
1569.7390 	EXP 	slider: markerPos = 5
1569.7450 	EXP 	window1: mouseVisible = False
1569.7473 	EXP 	New trial (rep=0, index=86): OrderedDict([('t_image', 'stimuli/0086.jpg'), ('t_target', 'targets/pigeon.jpg'), ('is_target_present', 0)])
1569.8525 	EXP 	eyetracker.clearEvents()
1570.3537 	EXP 	eyetracker.setRecordingState(True)
1570.3730 	EXP 	slider: autoDraw = False
1570.3730 	EXP 	hourglass: autoDraw = False
1570.3730 	EXP 	hourglass_2: autoDraw = False
1570.3730 	EXP 	hourglass_3: autoDraw = False
1570.3730 	EXP 	hourglass_4: autoDraw = False
1570.3730 	EXP 	text: autoDraw = False
1570.3730 	EXP 	trial_target: image = 'targets/pigeon.jpg'
1570.3730 	EXP 	trial_target: image = 'targets/rubik_cube.jpg'
1570.3891 	EXP 	trial_target: autoDraw = True
1571.3890 	EXP 	trial_target: autoDraw = False
1571.3890 	EXP 	trial_target: autoDraw = False
1571.3890 	EXP 	fixationCross: autoDraw = True
1572.8223 	EXP 	fixationCross: autoDraw = False
1572.8223 	EXP 	fixationCross: autoDraw = False
1572.8223 	EXP 	trial_image: image = 'stimuli/0041.jpg'
1572.8223 	EXP 	trial_image: autoDraw = True
1578.5936 	EXP 	eyetracker.setRecordingState(False)
1578.5945 	DATA 	Keypress: right
1578.6057 	EXP 	trial_image: autoDraw = False
1579.0904 	EXP 	window1: mouseVisible = True
1579.1057 	EXP 	slider: markerPos = None
1579.1057 	EXP 	slider: markerPos = None
1579.1057 	EXP 	slider: autoDraw = True
1579.1057 	EXP 	hourglass: autoDraw = True
1580.0891 	EXP 	hourglass_2: autoDraw = True
1580.1057 	EXP 	hourglass: autoDraw = False
1580.1402 	DATA 	Mouse: Left button down, pos=(1228,436)
1580.1557 	EXP 	slider: markerPos = 3.9925925731658936
1580.1724 	EXP 	slider: markerPos = 3.9925925731658936
1580.1891 	EXP 	slider: markerPos = 3.9962962865829468
1580.2058 	EXP 	slider: markerPos = 4.0
1580.2224 	EXP 	slider: markerPos = 4.0
1580.2391 	EXP 	slider: markerPos = 4.0
1580.2401 	DATA 	Mouse:  Left button up, pos=(1230,436)
1580.2557 	EXP 	slider: markerPos = 4.0
1580.2603 	EXP 	window1: mouseVisible = False
1580.2623 	EXP 	New trial (rep=0, index=87): OrderedDict([('t_image', 'stimuli/0087.jpg'), ('t_target', 'targets/bicycle.jpg'), ('is_target_present', 1)])
1580.3269 	EXP 	eyetracker.clearEvents()
1580.8289 	EXP 	eyetracker.setRecordingState(True)
1580.8397 	EXP 	slider: autoDraw = False
1580.8397 	EXP 	hourglass: autoDraw = False
1580.8397 	EXP 	hourglass_2: autoDraw = False
1580.8397 	EXP 	hourglass_3: autoDraw = False
1580.8397 	EXP 	hourglass_4: autoDraw = False
1580.8397 	EXP 	text: autoDraw = False
1580.8397 	EXP 	trial_target: image = 'targets/bicycle.jpg'
1580.8397 	EXP 	trial_target: image = 'targets/cd.jpg'
1580.8558 	EXP 	trial_target: autoDraw = True
1581.8558 	EXP 	trial_target: autoDraw = False
1581.8558 	EXP 	trial_target: autoDraw = False
1581.8558 	EXP 	fixationCross: autoDraw = True
1583.9064 	EXP 	fixationCross: autoDraw = False
1583.9064 	EXP 	fixationCross: autoDraw = False
1583.9064 	EXP 	trial_image: image = 'stimuli/0042.jpg'
1583.9064 	EXP 	trial_image: autoDraw = True
1590.0102 	EXP 	eyetracker.setRecordingState(False)
1590.0111 	DATA 	Keypress: right
1590.0225 	EXP 	trial_image: autoDraw = False
1590.5072 	EXP 	window1: mouseVisible = True
1590.5391 	EXP 	slider: markerPos = None
1590.5391 	EXP 	slider: markerPos = None
1590.5391 	EXP 	slider: autoDraw = True
1590.5391 	EXP 	hourglass: autoDraw = True
1591.1733 	DATA 	Mouse: Left button down, pos=(1230,436)
1591.1891 	EXP 	slider: markerPos = 4.0
1591.2058 	EXP 	slider: markerPos = 4.0
1591.2224 	EXP 	slider: markerPos = 4.0
1591.2301 	DATA 	Mouse:  Left button up, pos=(1230,436)
1591.2391 	EXP 	slider: markerPos = 4.0
1591.2558 	EXP 	slider: markerPos = 4.0
1591.2603 	EXP 	window1: mouseVisible = False
1591.2624 	EXP 	New trial (rep=0, index=88): OrderedDict([('t_image', 'stimuli/0088.jpg'), ('t_target', 'targets/bell.jpg'), ('is_target_present', 0)])
1591.4165 	EXP 	eyetracker.clearEvents()
1591.9183 	EXP 	eyetracker.setRecordingState(True)
1591.9231 	EXP 	slider: autoDraw = False
1591.9231 	EXP 	hourglass: autoDraw = False
1591.9231 	EXP 	hourglass_2: autoDraw = False
1591.9231 	EXP 	hourglass_3: autoDraw = False
1591.9231 	EXP 	hourglass_4: autoDraw = False
1591.9231 	EXP 	text: autoDraw = False
1591.9231 	EXP 	trial_target: image = 'targets/bell.jpg'
1591.9231 	EXP 	trial_target: image = 'targets/a_glass.jpg'
1591.9391 	EXP 	trial_target: autoDraw = True
1592.9392 	EXP 	trial_target: autoDraw = False
1592.9392 	EXP 	trial_target: autoDraw = False
1592.9392 	EXP 	fixationCross: autoDraw = True
1594.6734 	EXP 	fixationCross: autoDraw = False
1594.6734 	EXP 	fixationCross: autoDraw = False
1594.6734 	EXP 	trial_image: image = 'stimuli/0043.jpg'
1594.6734 	EXP 	trial_image: autoDraw = True
1597.5115 	EXP 	eyetracker.setRecordingState(False)
1597.5124 	DATA 	Keypress: right
1597.5225 	EXP 	trial_image: autoDraw = False
1598.0071 	EXP 	window1: mouseVisible = True
1598.0392 	EXP 	slider: markerPos = None
1598.0392 	EXP 	slider: markerPos = None
1598.0392 	EXP 	slider: autoDraw = True
1598.0392 	EXP 	hourglass: autoDraw = True
1599.0058 	EXP 	hourglass_2: autoDraw = True
1599.0392 	EXP 	hourglass: autoDraw = False
1599.6903 	DATA 	Mouse: Left button down, pos=(1499,427)
1599.7058 	EXP 	slider: markerPos = 4.996296286582947
1599.7225 	EXP 	slider: markerPos = 4.996296286582947
1599.7392 	EXP 	slider: markerPos = 4.996296286582947
1599.7558 	EXP 	slider: markerPos = 4.996296286582947
1599.7725 	EXP 	slider: markerPos = 4.996296286582947
1599.7802 	DATA 	Mouse:  Left button up, pos=(1499,427)
1599.7892 	EXP 	slider: markerPos = 4.996296286582947
1599.8058 	EXP 	slider: markerPos = 4.996296286582947
1599.8103 	EXP 	window1: mouseVisible = False
1599.8123 	EXP 	New trial (rep=0, index=89): OrderedDict([('t_image', 'stimuli/0089.jpg'), ('t_target', 'targets/clock.jpg'), ('is_target_present', 1)])
1599.8453 	EXP 	eyetracker.clearEvents()
1600.3473 	EXP 	eyetracker.setRecordingState(True)
1600.3564 	EXP 	slider: autoDraw = False
1600.3564 	EXP 	hourglass: autoDraw = False
1600.3564 	EXP 	hourglass_2: autoDraw = False
1600.3564 	EXP 	hourglass_3: autoDraw = False
1600.3564 	EXP 	hourglass_4: autoDraw = False
1600.3564 	EXP 	text: autoDraw = False
1600.3564 	EXP 	trial_target: image = 'targets/clock.jpg'
1600.3564 	EXP 	trial_target: image = 'targets/bottle.jpg'
1600.3725 	EXP 	trial_target: autoDraw = True
1601.3725 	EXP 	trial_target: autoDraw = False
1601.3725 	EXP 	trial_target: autoDraw = False
1601.3725 	EXP 	fixationCross: autoDraw = True
1602.7895 	EXP 	fixationCross: autoDraw = False
1602.7895 	EXP 	fixationCross: autoDraw = False
1602.7895 	EXP 	trial_image: image = 'stimuli/0048.jpg'
1602.7895 	EXP 	trial_image: autoDraw = True
1610.3437 	EXP 	eyetracker.setRecordingState(False)
1610.3458 	DATA 	Keypress: left
1610.3559 	EXP 	trial_image: autoDraw = False
1610.8406 	EXP 	window1: mouseVisible = True
1610.8559 	EXP 	slider: markerPos = None
1610.8559 	EXP 	slider: markerPos = None
1610.8559 	EXP 	slider: autoDraw = True
1610.8559 	EXP 	hourglass: autoDraw = True
1611.8392 	EXP 	hourglass_2: autoDraw = True
1611.8559 	EXP 	hourglass: autoDraw = False
1612.5903 	DATA 	Mouse: Left button down, pos=(1390,429)
1612.6059 	EXP 	slider: markerPos = 4.5925925970077515
1612.6226 	EXP 	slider: markerPos = 4.5925925970077515
1612.6392 	EXP 	slider: markerPos = 4.5925925970077515
1612.6559 	EXP 	slider: markerPos = 4.5925925970077515
1612.6727 	EXP 	slider: markerPos = 4.5925925970077515
1612.6734 	DATA 	Mouse:  Left button up, pos=(1390,429)
1612.6892 	EXP 	slider: markerPos = 4.5925925970077515
1612.6940 	EXP 	window1: mouseVisible = False
1612.7059 	EXP 	slider: autoDraw = False
1612.7059 	EXP 	hourglass: autoDraw = False
1612.7059 	EXP 	hourglass_2: autoDraw = False
1612.7059 	EXP 	hourglass_3: autoDraw = False
1612.7059 	EXP 	hourglass_4: autoDraw = False
1612.7059 	EXP 	text: autoDraw = True
1649.6755 	DATA 	Mouse: Left button down, pos=(1390,429)
1649.6980 	EXP 	Created calibrationTarget = ShapeStim(__class__=<class 'psychopy.visual.shape.ShapeStim'>, anchor=('center', 'center'), autoDraw=False, autoLog=True, closeShape=True, color=method-wrapper(...), colorSpace='rgb', contrast=None, depth=0, fillColor=array([0, 0, 0]), fillColorSpace='rgb', fillRGB=array([0, 0, 0]), interpolate=True, lineColor=array([-1., -1., -1.]), lineColorSpace='rgb', lineRGB=array([-1, -1, -1]), lineWidth=2.0, name='calibrationTarget', opacity=1.0, ori=0.0, pos=array([0., 0.]), size=array([0., 0.]), units='height', vertices=ndarray(...), win=Window(...), windingRule=None)
1649.7044 	EXP 	Created calibrationTargetInner = ShapeStim(__class__=<class 'psychopy.visual.shape.ShapeStim'>, anchor=('center', 'center'), autoDraw=False, autoLog=True, closeShape=True, color=method-wrapper(...), colorSpace='rgb', contrast=None, depth=0, fillColor=array([-1.        ,  0.00392157, -1.        ]), fillColorSpace='rgb', fillRGB=array([-1.        ,  0.00392157, -1.        ]), interpolate=True, lineColor=array([-1., -1., -1.]), lineColorSpace='rgb', lineRGB=array([-1, -1, -1]), lineWidth=2.0, name='calibrationTargetInner', opacity=1.0, ori=0.0, pos=array([0., 0.]), size=array([0., 0.]), units='height', vertices=ndarray(...), win=Window(...), windingRule=None)
1714.9967 	DATA 	Mouse:  Left button up, pos=(1390,429)
1715.0030 	EXP 	text: autoDraw = False
1715.0041 	EXP 	New trial (rep=0, index=90): OrderedDict([('t_image', 'stimuli/0090.jpg'), ('t_target', 'targets/bicycle.jpg'), ('is_target_present', 0)])
1715.1095 	EXP 	eyetracker.clearEvents()
1715.6104 	EXP 	eyetracker.setRecordingState(True)
1715.6633 	EXP 	trial_target: image = 'targets/bicycle.jpg'
1715.6633 	EXP 	trial_target: image = 'targets/fan.jpg'
1715.6898 	EXP 	trial_target: autoDraw = True
1716.6898 	EXP 	trial_target: autoDraw = False
1716.6898 	EXP 	trial_target: autoDraw = False
1716.6898 	EXP 	fixationCross: autoDraw = True
1717.9567 	EXP 	fixationCross: autoDraw = False
1717.9567 	EXP 	fixationCross: autoDraw = False
1717.9567 	EXP 	trial_image: image = 'stimuli/0036.jpg'
1717.9567 	EXP 	trial_image: autoDraw = True
1725.9445 	EXP 	eyetracker.setRecordingState(False)
1725.9454 	DATA 	Keypress: left
1725.9565 	EXP 	trial_image: autoDraw = False
1726.4414 	EXP 	window1: mouseVisible = True
1726.4565 	EXP 	slider: markerPos = None
1726.4565 	EXP 	slider: markerPos = None
1726.4565 	EXP 	slider: autoDraw = True
1726.4565 	EXP 	hourglass: autoDraw = True
1727.4398 	EXP 	hourglass_2: autoDraw = True
1727.4565 	EXP 	hourglass: autoDraw = False
1728.4398 	EXP 	hourglass_2: autoDraw = False
1728.4398 	EXP 	hourglass_3: autoDraw = True
1728.6585 	DATA 	Mouse: Left button down, pos=(1231,438)
1728.6732 	EXP 	slider: markerPos = 4.003703713417053
1728.6898 	EXP 	slider: markerPos = 4.003703713417053
1728.7065 	EXP 	slider: markerPos = 4.003703713417053
1728.7232 	EXP 	slider: markerPos = 4.003703713417053
1728.7398 	EXP 	slider: markerPos = 4.003703713417053
1728.7565 	EXP 	slider: markerPos = 4.003703713417053
1728.7732 	EXP 	slider: markerPos = 4.003703713417053
1728.7899 	EXP 	slider: markerPos = 4.003703713417053
1728.8066 	EXP 	slider: markerPos = 4.003703713417053
1728.8076 	DATA 	Mouse:  Left button up, pos=(1231,438)
1728.8232 	EXP 	slider: markerPos = 4.003703713417053
1728.8276 	EXP 	window1: mouseVisible = False
1728.8296 	EXP 	New trial (rep=0, index=91): OrderedDict([('t_image', 'stimuli/0091.jpg'), ('t_target', 'targets/flag.jpg'), ('is_target_present', 1)])
1728.8824 	EXP 	eyetracker.clearEvents()
1729.3834 	EXP 	eyetracker.setRecordingState(True)
1729.3902 	EXP 	slider: autoDraw = False
1729.3902 	EXP 	hourglass: autoDraw = False
1729.3902 	EXP 	hourglass_2: autoDraw = False
1729.3902 	EXP 	hourglass_3: autoDraw = False
1729.3902 	EXP 	hourglass_4: autoDraw = False
1729.3902 	EXP 	text: autoDraw = False
1729.3902 	EXP 	trial_target: image = 'targets/flag.jpg'
1729.3902 	EXP 	trial_target: image = 'targets/speaker.jpg'
1729.4065 	EXP 	trial_target: autoDraw = True
1730.4065 	EXP 	trial_target: autoDraw = False
1730.4065 	EXP 	trial_target: autoDraw = False
1730.4065 	EXP 	fixationCross: autoDraw = True
1733.7248 	EXP 	fixationCross: autoDraw = False
1733.7248 	EXP 	fixationCross: autoDraw = False
1733.7248 	EXP 	trial_image: image = 'stimuli/0032.jpg'
1733.7248 	EXP 	trial_image: autoDraw = True
1744.0926 	EXP 	eyetracker.setRecordingState(False)
1744.1064 	EXP 	trial_image: autoDraw = False
1744.3908 	DATA 	Keypress: left
1744.5910 	EXP 	window1: mouseVisible = True
1744.6063 	EXP 	slider: markerPos = None
1744.6063 	EXP 	slider: markerPos = None
1744.6063 	EXP 	slider: autoDraw = True
1744.6063 	EXP 	hourglass: autoDraw = True
1745.5897 	EXP 	hourglass_2: autoDraw = True
1745.6063 	EXP 	hourglass: autoDraw = False
1746.5897 	EXP 	hourglass_2: autoDraw = False
1746.5897 	EXP 	hourglass_3: autoDraw = True
1746.7406 	DATA 	Mouse: Left button down, pos=(1229,438)
1746.7563 	EXP 	slider: markerPos = 3.9962962865829468
1746.7731 	EXP 	slider: markerPos = 3.9962962865829468
1746.7897 	EXP 	slider: markerPos = 3.9962962865829468
1746.8064 	EXP 	slider: markerPos = 3.9962962865829468
1746.8141 	DATA 	Mouse:  Left button up, pos=(1229,438)
1746.8230 	EXP 	slider: markerPos = 3.9962962865829468
1746.8397 	EXP 	slider: markerPos = 3.9962962865829468
1746.8442 	EXP 	window1: mouseVisible = False
1746.8461 	EXP 	New trial (rep=0, index=92): OrderedDict([('t_image', 'stimuli/0092.jpg'), ('t_target', 'targets/brush.jpg'), ('is_target_present', 0)])
1747.0157 	EXP 	eyetracker.clearEvents()
1747.5169 	EXP 	eyetracker.setRecordingState(True)
1747.5236 	EXP 	slider: autoDraw = False
1747.5236 	EXP 	hourglass: autoDraw = False
1747.5236 	EXP 	hourglass_2: autoDraw = False
1747.5236 	EXP 	hourglass_3: autoDraw = False
1747.5236 	EXP 	hourglass_4: autoDraw = False
1747.5236 	EXP 	text: autoDraw = False
1747.5236 	EXP 	trial_target: image = 'targets/brush.jpg'
1747.5236 	EXP 	trial_target: image = 'targets/spoon.jpg'
1747.5397 	EXP 	trial_target: autoDraw = True
1748.5397 	EXP 	trial_target: autoDraw = False
1748.5397 	EXP 	trial_target: autoDraw = False
1748.5397 	EXP 	fixationCross: autoDraw = True
1749.9897 	EXP 	fixationCross: autoDraw = False
1749.9897 	EXP 	fixationCross: autoDraw = False
1749.9897 	EXP 	trial_image: image = 'stimuli/0037.jpg'
1749.9897 	EXP 	trial_image: autoDraw = True
1752.6439 	EXP 	eyetracker.setRecordingState(False)
1752.6449 	DATA 	Keypress: right
1752.6564 	EXP 	trial_image: autoDraw = False
1753.1410 	EXP 	window1: mouseVisible = True
1753.1564 	EXP 	slider: markerPos = None
1753.1564 	EXP 	slider: markerPos = None
1753.1564 	EXP 	slider: autoDraw = True
1753.1564 	EXP 	hourglass: autoDraw = True
1754.1397 	EXP 	hourglass_2: autoDraw = True
1754.1565 	EXP 	hourglass: autoDraw = False
1754.4574 	DATA 	Mouse: Left button down, pos=(1497,430)
1754.4731 	EXP 	slider: markerPos = 4.98888885974884
1754.4897 	EXP 	slider: markerPos = 4.98888885974884
1754.5064 	EXP 	slider: markerPos = 4.98888885974884
1754.5231 	EXP 	slider: markerPos = 4.98888885974884
1754.5307 	DATA 	Mouse:  Left button up, pos=(1497,430)
1754.5397 	EXP 	slider: markerPos = 4.98888885974884
1754.5565 	EXP 	slider: markerPos = 4.98888885974884
1754.5613 	EXP 	window1: mouseVisible = False
1754.5635 	EXP 	New trial (rep=0, index=93): OrderedDict([('t_image', 'stimuli/0093.jpg'), ('t_target', 'targets/newspaper.jpg'), ('is_target_present', 1)])
1754.6801 	EXP 	eyetracker.clearEvents()
1755.1812 	EXP 	eyetracker.setRecordingState(True)
1755.1902 	EXP 	slider: autoDraw = False
1755.1902 	EXP 	hourglass: autoDraw = False
1755.1902 	EXP 	hourglass_2: autoDraw = False
1755.1902 	EXP 	hourglass_3: autoDraw = False
1755.1902 	EXP 	hourglass_4: autoDraw = False
1755.1902 	EXP 	text: autoDraw = False
1755.1902 	EXP 	trial_target: image = 'targets/newspaper.jpg'
1755.1902 	EXP 	trial_target: image = 'targets/shoe.jpg'
1755.2064 	EXP 	trial_target: autoDraw = True
1756.2064 	EXP 	trial_target: autoDraw = False
1756.2064 	EXP 	trial_target: autoDraw = False
1756.2064 	EXP 	fixationCross: autoDraw = True
1757.6231 	EXP 	fixationCross: autoDraw = False
1757.6231 	EXP 	fixationCross: autoDraw = False
1757.6231 	EXP 	trial_image: image = 'stimuli/0035.jpg'
1757.6231 	EXP 	trial_image: autoDraw = True
1760.1430 	DATA 	Keypress: right
1760.6597 	EXP 	eyetracker.setRecordingState(False)
1760.6731 	EXP 	trial_image: autoDraw = False
1761.1577 	EXP 	window1: mouseVisible = True
1761.1731 	EXP 	slider: markerPos = None
1761.1731 	EXP 	slider: markerPos = None
1761.1731 	EXP 	slider: autoDraw = True
1761.1731 	EXP 	hourglass: autoDraw = True
1761.6276 	DATA 	Mouse: Left button down, pos=(1497,430)
1761.6564 	EXP 	slider: markerPos = 4.98888885974884
1761.6731 	EXP 	slider: markerPos = 4.98888885974884
1761.6805 	DATA 	Mouse:  Left button up, pos=(1497,430)
1761.6897 	EXP 	slider: markerPos = 4.98888885974884
1761.7065 	EXP 	slider: markerPos = 4.98888885974884
1761.7111 	EXP 	window1: mouseVisible = False
1761.7131 	EXP 	New trial (rep=0, index=94): OrderedDict([('t_image', 'stimuli/0094.jpg'), ('t_target', 'targets/clock.jpg'), ('is_target_present', 0)])
1761.7383 	EXP 	eyetracker.clearEvents()
1762.2400 	EXP 	eyetracker.setRecordingState(True)
1762.2568 	EXP 	slider: autoDraw = False
1762.2568 	EXP 	hourglass: autoDraw = False
1762.2568 	EXP 	hourglass_2: autoDraw = False
1762.2568 	EXP 	hourglass_3: autoDraw = False
1762.2568 	EXP 	hourglass_4: autoDraw = False
1762.2568 	EXP 	text: autoDraw = False
1762.2568 	EXP 	trial_target: image = 'targets/clock.jpg'
1762.2568 	EXP 	trial_target: image = 'targets/glue.jpg'
1762.2731 	EXP 	trial_target: autoDraw = True
1763.2731 	EXP 	trial_target: autoDraw = False
1763.2731 	EXP 	trial_target: autoDraw = False
1763.2731 	EXP 	fixationCross: autoDraw = True
1764.9231 	EXP 	fixationCross: autoDraw = False
1764.9231 	EXP 	fixationCross: autoDraw = False
1764.9231 	EXP 	trial_image: image = 'stimuli/0038.jpg'
1764.9231 	EXP 	trial_image: autoDraw = True
1771.9426 	DATA 	Keypress: left
1772.4603 	EXP 	eyetracker.setRecordingState(False)
1772.4732 	EXP 	trial_image: autoDraw = False
1772.9578 	EXP 	window1: mouseVisible = True
1772.9732 	EXP 	slider: markerPos = None
1772.9732 	EXP 	slider: markerPos = None
1772.9732 	EXP 	slider: autoDraw = True
1772.9732 	EXP 	hourglass: autoDraw = True
1773.9565 	EXP 	hourglass_2: autoDraw = True
1773.9732 	EXP 	hourglass: autoDraw = False
1774.9565 	EXP 	hourglass_2: autoDraw = False
1774.9565 	EXP 	hourglass_3: autoDraw = True
1775.2744 	DATA 	Mouse: Left button down, pos=(1236,435)
1775.2899 	EXP 	slider: markerPos = 4.022222280502319
1775.3065 	EXP 	slider: markerPos = 4.022222280502319
1775.3232 	EXP 	slider: markerPos = 4.022222280502319
1775.3398 	EXP 	slider: markerPos = 4.022222280502319
1775.3565 	EXP 	slider: markerPos = 4.022222280502319
1775.3732 	EXP 	slider: markerPos = 4.022222280502319
1775.3807 	DATA 	Mouse:  Left button up, pos=(1236,435)
1775.3899 	EXP 	slider: markerPos = 4.022222280502319
1775.4065 	EXP 	slider: markerPos = 4.022222280502319
1775.4112 	EXP 	window1: mouseVisible = False
1775.4132 	EXP 	New trial (rep=0, index=95): OrderedDict([('t_image', 'stimuli/0095.jpg'), ('t_target', 'targets/ring.jpg'), ('is_target_present', 1)])
1775.5445 	EXP 	eyetracker.clearEvents()
1776.0460 	EXP 	eyetracker.setRecordingState(True)
1776.0569 	EXP 	slider: autoDraw = False
1776.0569 	EXP 	hourglass: autoDraw = False
1776.0569 	EXP 	hourglass_2: autoDraw = False
1776.0569 	EXP 	hourglass_3: autoDraw = False
1776.0569 	EXP 	hourglass_4: autoDraw = False
1776.0569 	EXP 	text: autoDraw = False
1776.0569 	EXP 	trial_target: image = 'targets/ring.jpg'
1776.0569 	EXP 	trial_target: image = 'targets/tape.jpg'
1776.0732 	EXP 	trial_target: autoDraw = True
1777.0732 	EXP 	trial_target: autoDraw = False
1777.0732 	EXP 	trial_target: autoDraw = False
1777.0732 	EXP 	fixationCross: autoDraw = True
1778.7399 	EXP 	fixationCross: autoDraw = False
1778.7399 	EXP 	fixationCross: autoDraw = False
1778.7399 	EXP 	trial_image: image = 'stimuli/0039.jpg'
1778.7399 	EXP 	trial_image: autoDraw = True
1781.8596 	EXP 	eyetracker.setRecordingState(False)
1781.8609 	DATA 	Keypress: right
1781.8732 	EXP 	trial_image: autoDraw = False
1782.3579 	EXP 	window1: mouseVisible = True
1782.3732 	EXP 	slider: markerPos = None
1782.3732 	EXP 	slider: markerPos = None
1782.3732 	EXP 	slider: autoDraw = True
1782.3732 	EXP 	hourglass: autoDraw = True
1783.3077 	DATA 	Mouse: Left button down, pos=(1490,441)
1783.3232 	EXP 	slider: markerPos = 4.962962985038757
1783.3399 	EXP 	slider: markerPos = 4.962962985038757
1783.3565 	EXP 	slider: markerPos = 4.962962985038757
1783.3732 	EXP 	hourglass: autoDraw = False
1783.3732 	EXP 	hourglass_2: autoDraw = True
1783.3732 	EXP 	slider: markerPos = 4.962962985038757
1783.3899 	EXP 	slider: markerPos = 4.962962985038757
1783.3974 	DATA 	Mouse:  Left button up, pos=(1490,441)
1783.4066 	EXP 	slider: markerPos = 4.962962985038757
1783.4232 	EXP 	slider: markerPos = 4.962962985038757
1783.4278 	EXP 	window1: mouseVisible = False
1783.4297 	EXP 	New trial (rep=0, index=96): OrderedDict([('t_image', 'stimuli/0096.jpg'), ('t_target', 'targets/spatula.jpg'), ('is_target_present', 0)])
1783.6338 	EXP 	eyetracker.clearEvents()
1784.1356 	EXP 	eyetracker.setRecordingState(True)
1784.1405 	EXP 	slider: autoDraw = False
1784.1405 	EXP 	hourglass: autoDraw = False
1784.1405 	EXP 	hourglass_2: autoDraw = False
1784.1405 	EXP 	hourglass_3: autoDraw = False
1784.1405 	EXP 	hourglass_4: autoDraw = False
1784.1405 	EXP 	text: autoDraw = False
1784.1405 	EXP 	trial_target: image = 'targets/spatula.jpg'
1784.1405 	EXP 	trial_target: image = 'targets/fork.jpg'
1784.1566 	EXP 	trial_target: autoDraw = True
1785.1568 	EXP 	trial_target: autoDraw = False
1785.1568 	EXP 	trial_target: autoDraw = False
1785.1568 	EXP 	fixationCross: autoDraw = True
1786.5567 	EXP 	fixationCross: autoDraw = False
1786.5567 	EXP 	fixationCross: autoDraw = False
1786.5567 	EXP 	trial_image: image = 'stimuli/0034.jpg'
1786.5567 	EXP 	trial_image: autoDraw = True
1794.9450 	EXP 	eyetracker.setRecordingState(False)
1794.9459 	DATA 	Keypress: left
1794.9569 	EXP 	trial_image: autoDraw = False
1795.4417 	EXP 	window1: mouseVisible = True
1795.4569 	EXP 	slider: markerPos = None
1795.4569 	EXP 	slider: markerPos = None
1795.4569 	EXP 	slider: autoDraw = True
1795.4569 	EXP 	hourglass: autoDraw = True
1796.4403 	EXP 	hourglass_2: autoDraw = True
1796.4569 	EXP 	hourglass: autoDraw = False
1797.4402 	EXP 	hourglass_2: autoDraw = False
1797.4402 	EXP 	hourglass_3: autoDraw = True
1797.4413 	DATA 	Mouse: Left button down, pos=(1192,433)
1797.4569 	EXP 	slider: markerPos = 3.859259247779846
1797.4736 	EXP 	slider: markerPos = 3.859259247779846
1797.4902 	EXP 	slider: markerPos = 3.859259247779846
1797.5069 	EXP 	slider: markerPos = 3.859259247779846
1797.5080 	DATA 	Mouse:  Left button up, pos=(1192,433)
1797.5236 	EXP 	slider: markerPos = 3.859259247779846
1797.5283 	EXP 	window1: mouseVisible = False
1797.5303 	EXP 	New trial (rep=0, index=97): OrderedDict([('t_image', 'stimuli/0097.jpg'), ('t_target', 'targets/scissors.jpg'), ('is_target_present', 1)])
1797.5999 	EXP 	eyetracker.clearEvents()
1798.1007 	EXP 	eyetracker.setRecordingState(True)
1798.1077 	EXP 	slider: autoDraw = False
1798.1077 	EXP 	hourglass: autoDraw = False
1798.1077 	EXP 	hourglass_2: autoDraw = False
1798.1077 	EXP 	hourglass_3: autoDraw = False
1798.1077 	EXP 	hourglass_4: autoDraw = False
1798.1077 	EXP 	text: autoDraw = False
1798.1077 	EXP 	trial_target: image = 'targets/scissors.jpg'
1798.1077 	EXP 	trial_target: image = 'targets/clock.jpg'
1798.1236 	EXP 	trial_target: autoDraw = True
1799.1236 	EXP 	trial_target: autoDraw = False
1799.1236 	EXP 	trial_target: autoDraw = False
1799.1236 	EXP 	fixationCross: autoDraw = True
1800.5236 	EXP 	fixationCross: autoDraw = False
1800.5236 	EXP 	fixationCross: autoDraw = False
1800.5236 	EXP 	trial_image: image = 'stimuli/0033.jpg'
1800.5236 	EXP 	trial_image: autoDraw = True
1802.2954 	EXP 	eyetracker.setRecordingState(False)
1802.2964 	DATA 	Keypress: right
1802.3069 	EXP 	trial_image: autoDraw = False
1802.7918 	EXP 	window1: mouseVisible = True
1802.8070 	EXP 	slider: markerPos = None
1802.8070 	EXP 	slider: markerPos = None
1802.8070 	EXP 	slider: autoDraw = True
1802.8070 	EXP 	hourglass: autoDraw = True
1803.7903 	EXP 	hourglass_2: autoDraw = True
1803.8070 	EXP 	hourglass: autoDraw = False
1804.1766 	DATA 	Mouse: Left button down, pos=(1498,430)
1804.2070 	EXP 	slider: markerPos = 4.9925925731658936
1804.2236 	EXP 	slider: markerPos = 4.9925925731658936
1804.2403 	EXP 	slider: markerPos = 4.9925925731658936
1804.2570 	EXP 	slider: markerPos = 4.9925925731658936
1804.2579 	DATA 	Mouse:  Left button up, pos=(1498,430)
1804.2736 	EXP 	slider: markerPos = 4.9925925731658936
1804.2782 	EXP 	window1: mouseVisible = False
1804.2802 	EXP 	New trial (rep=0, index=98): OrderedDict([('t_image', 'stimuli/0098.jpg'), ('t_target', 'targets/bicycle.jpg'), ('is_target_present', 0)])
1804.4346 	EXP 	eyetracker.clearEvents()
1804.9354 	EXP 	eyetracker.setRecordingState(True)
1804.9410 	EXP 	slider: autoDraw = False
1804.9410 	EXP 	hourglass: autoDraw = False
1804.9410 	EXP 	hourglass_2: autoDraw = False
1804.9410 	EXP 	hourglass_3: autoDraw = False
1804.9410 	EXP 	hourglass_4: autoDraw = False
1804.9410 	EXP 	text: autoDraw = False
1804.9410 	EXP 	trial_target: image = 'targets/bicycle.jpg'
1804.9410 	EXP 	trial_target: image = 'targets/ceramic_cup.jpg'
1804.9570 	EXP 	trial_target: autoDraw = True
1805.9570 	EXP 	trial_target: autoDraw = False
1805.9570 	EXP 	trial_target: autoDraw = False
1805.9570 	EXP 	fixationCross: autoDraw = True
1808.3415 	EXP 	fixationCross: autoDraw = False
1808.3415 	EXP 	fixationCross: autoDraw = False
1808.3415 	EXP 	trial_image: image = 'stimuli/0031.jpg'
1808.3415 	EXP 	trial_image: autoDraw = True
1810.6943 	EXP 	eyetracker.setRecordingState(False)
1810.6953 	DATA 	Keypress: right
1810.7070 	EXP 	trial_image: autoDraw = False
1811.1916 	EXP 	window1: mouseVisible = True
1811.2237 	EXP 	slider: markerPos = None
1811.2237 	EXP 	slider: markerPos = None
1811.2237 	EXP 	slider: autoDraw = True
1811.2237 	EXP 	hourglass: autoDraw = True
1812.1903 	EXP 	hourglass_2: autoDraw = True
1812.2237 	EXP 	hourglass: autoDraw = False
1812.9579 	DATA 	Mouse: Left button down, pos=(1497,436)
1812.9737 	EXP 	slider: markerPos = 4.98888885974884
1812.9904 	EXP 	slider: markerPos = 4.98888885974884
1813.0070 	EXP 	slider: markerPos = 4.98888885974884
1813.0147 	DATA 	Mouse:  Left button up, pos=(1497,436)
1813.0237 	EXP 	slider: markerPos = 4.98888885974884
1813.0404 	EXP 	slider: markerPos = 4.98888885974884
1813.0449 	EXP 	window1: mouseVisible = False
1813.0468 	EXP 	New trial (rep=0, index=99): OrderedDict([('t_image', 'stimuli/0099.jpg'), ('t_target', 'targets/bicycle.jpg'), ('is_target_present', 1)])
1813.2036 	EXP 	eyetracker.clearEvents()
1813.7047 	EXP 	eyetracker.setRecordingState(True)
1813.7241 	EXP 	slider: autoDraw = False
1813.7241 	EXP 	hourglass: autoDraw = False
1813.7241 	EXP 	hourglass_2: autoDraw = False
1813.7241 	EXP 	hourglass_3: autoDraw = False
1813.7241 	EXP 	hourglass_4: autoDraw = False
1813.7241 	EXP 	text: autoDraw = False
1813.7241 	EXP 	trial_target: image = 'targets/bicycle.jpg'
1813.7241 	EXP 	trial_target: image = 'targets/ceramic_cup.jpg'
1813.7404 	EXP 	trial_target: autoDraw = True
1814.7403 	EXP 	trial_target: autoDraw = False
1814.7403 	EXP 	trial_target: autoDraw = False
1814.7403 	EXP 	fixationCross: autoDraw = True
1815.9073 	EXP 	fixationCross: autoDraw = False
1815.9073 	EXP 	fixationCross: autoDraw = False
1815.9073 	EXP 	trial_image: image = 'stimuli/0030.jpg'
1815.9073 	EXP 	trial_image: autoDraw = True
1819.6766 	DATA 	Keypress: down
1822.0966 	EXP 	eyetracker.setRecordingState(False)
1822.0975 	DATA 	Keypress: left
1822.1071 	EXP 	trial_image: autoDraw = False
1822.5917 	EXP 	window1: mouseVisible = True
1822.6071 	EXP 	slider: markerPos = None
1822.6071 	EXP 	slider: markerPos = None
1822.6071 	EXP 	slider: autoDraw = True
1822.6071 	EXP 	hourglass: autoDraw = True
1823.5904 	EXP 	hourglass_2: autoDraw = True
1823.6071 	EXP 	hourglass: autoDraw = False
1824.5905 	EXP 	hourglass_2: autoDraw = False
1824.5905 	EXP 	hourglass_3: autoDraw = True
1825.0745 	DATA 	Mouse: Left button down, pos=(1230,443)
1825.0904 	EXP 	slider: markerPos = 4.0
1825.1071 	EXP 	slider: markerPos = 4.0
1825.1237 	EXP 	slider: markerPos = 4.0
1825.1404 	EXP 	slider: markerPos = 4.0
1825.1480 	DATA 	Mouse:  Left button up, pos=(1230,443)
1825.1572 	EXP 	slider: markerPos = 4.0
1825.1738 	EXP 	slider: markerPos = 4.0
1825.1784 	EXP 	window1: mouseVisible = False
1825.1904 	EXP 	slider: autoDraw = False
1825.1904 	EXP 	hourglass: autoDraw = False
1825.1904 	EXP 	hourglass_2: autoDraw = False
1825.1904 	EXP 	hourglass_3: autoDraw = False
1825.1904 	EXP 	hourglass_4: autoDraw = False
1825.1904 	EXP 	text: autoDraw = True
1862.5771 	DATA 	Mouse: Left button down, pos=(1230,443)
1862.6073 	EXP 	text: autoDraw = False
1892.2013 	EXP 	window1: mouseVisible = True
